x;Own;IntentToBuy;BrandAwareness_Anker;BrandAwareness_Bose;BrandAwareness_JBL;BrandAwareness_Philips;BrandAwareness_Sony;BrandAwareness_UE;BrandAwareness_HarmanKardon;BrandAwareness_Beats;BrandAwareness_None;SubjKnow_r1;SubjKnow_r2;SubjKnow_r3;SubjKnow_r4;SubjKnow_r5;PII_1;PII_2;PII_3;PII_4;PII_5;RelImp_battery;RelImp_weight;RelImp_price;RelImp_sound;Gender;Age;Occupation;Education;Income;brand_awareness;fa;fa2;factor_price.sound;factor_battery;factor_weight;factor_age.occupation.income.education;clusters
1;1;1;0;1;1;1;1;0;0;1;0;5;6;2;4;6;5;5;5;4;5;10;10;30;50;1;3;3;3;1;6;0.781652788;0.326813475;-0.35347336;-1.062489737;-0.188499493;-0.666238477;2
2;1;0;0;1;1;1;1;0;0;0;0;6;6;6;6;6;5;5;5;5;5;15;10;40;35;1;2;3;2;2;5;1.376409494;0.510087719;0.446427067;-0.661046073;-0.181270607;-0.788949413;1
3;1;0;0;1;1;0;0;1;0;1;0;5;5;4;5;6;7;6;7;5;6;30;15;5;50;1;2;3;3;3;5;0.871700904;1.360192971;-1.258991945;0.481727442;0.365003295;-0.406731592;1
4;1;0;0;1;1;0;1;1;1;1;0;5;6;6;5;7;6;5;5;5;5;10;0;45;45;2;3;3;3;2;7;1.318050432;0.653972753;0.348304479;-1.0816189;-1.22384924;-0.440872628;4
5;1;0;0;1;0;0;0;0;0;1;0;5;6;2;6;6;6;6;6;6;6;50;10;10;30;1;2;3;4;2;3;0.942954173;1.233768795;-0.483367986;2.025369039;-0.118646889;-0.475245468;1
6;1;0;0;1;0;0;0;0;0;1;0;6;2;6;6;6;6;6;6;6;6;60;5;5;30;1;2;3;4;3;3;0.921812697;1.233768795;-0.654635077;2.778492361;-0.617956998;-0.249879619;1
7;1;0;0;1;1;1;1;0;0;1;0;7;7;7;7;7;7;7;7;7;7;35;10;20;35;2;2;3;3;2;6;2.029248478;1.957449871;-0.27143005;0.870514261;-0.145142154;-0.63209744;4
8;1;0;1;1;1;0;0;0;0;1;0;6;7;3;6;6;6;6;6;6;5;20;10;30;40;2;3;1;4;5;5;1.305488759;1.167698349;-0.059492114;-0.284340516;-0.171637418;1.025701051;4
9;1;0;1;1;1;0;0;0;1;0;0;5;5;5;3;6;6;6;6;5;6;50;5;30;15;1;2;3;3;2;5;0.771922831;1.050494551;0.683658189;2.031265775;-0.637824452;-0.63209744;1
10;0;1;0;1;1;0;0;0;0;1;0;4;3;4;4;3;4;4;4;5;5;25;20;20;35;2;3;3;2;2;4;-0.252571378;0.035751332;-0.287824428;0.130047784;0.87154229;-0.5977246;2
11;1;0;0;0;0;0;0;0;0;0;1;3;3;2;2;4;5;5;5;5;5;30;10;20;40;1;3;3;4;3;1;-0.514627756;0.510087719;-0.418420673;0.481439651;-0.153573191;-0.058654807;1
12;1;0;1;1;1;1;1;0;0;0;0;7;6;7;7;6;5;6;6;6;6;60;0;10;30;2;3;3;4;2;6;1.705945573;1.089883761;-0.466973608;2.765835516;-1.135331333;-0.284020656;4
13;0;1;0;1;1;0;1;0;0;0;0;4;5;4;4;4;4;4;4;5;4;30;10;25;35;2;3;3;4;3;4;0.184380726;-0.030319114;-0.091965771;0.487624178;-0.154174267;-0.058654807;2
14;1;1;0;1;1;1;1;1;1;0;0;6;6;6;7;2;4;5;3;4;5;22;15;28;35;2;3;3;2;2;7;0.618445365;-0.148698332;0.007515608;-0.112343111;0.348748687;-0.5977246;2
15;1;0;0;0;1;0;0;0;0;1;0;5;6;3;6;6;3;3;4;4;4;10;10;50;30;2;4;1;4;3;3;1.004477485;-0.522116358;0.952346249;-1.037751629;-0.190903796;0.766194166;4
16;1;0;0;1;1;1;1;0;0;1;0;7;6;6;6;6;3;5;3;5;4;20;10;30;40;2;3;1;4;4;6;1.563771569;-0.175379568;-0.059492114;-0.284340516;-0.171637418;0.800335202;4
17;0;1;0;0;1;1;1;1;0;1;0;4;5;2;5;4;5;5;5;5;5;0;0;20;80;2;3;1;3;2;6;0.141984796;0.510087719;-1.577951278;-1.890690756;-1.237705937;0.192751532;2
18;1;0;0;1;1;1;1;0;1;1;0;7;7;3;6;6;5;5;7;3;5;15;20;40;25;2;3;1;4;2;7;1.492850834;0.475166003;0.724013935;-0.623363329;0.852275913;0.349603505;4
19;0;0;0;0;1;1;1;0;0;0;0;3;3;2;3;3;3;3;3;4;3;20;10;55;15;2;5;1;4;5;4;-0.643630769;-0.75400019;1.572782397;-0.253417881;-0.174642796;1.408150675;3
20;0;1;0;1;1;1;1;0;0;0;0;6;6;2;3;5;3;3;5;4;3;15;30;30;25;2;3;1;3;3;5;0.678710465;-0.422373417;0.348690999;-0.598049639;1.887024583;0.418117381;2
21;0;1;0;1;1;1;1;1;1;1;0;6;4;3;6;4;4;6;4;6;5;30;20;30;20;2;3;1;4;2;8;0.54523375;0.548301508;0.512075999;0.531491449;0.878771177;0.349603505;2
22;0;0;1;1;0;1;1;0;0;1;0;3;6;2;4;4;5;5;5;5;5;10;0;20;70;1;2;3;2;3;6;-0.012378772;0.510087719;-1.283970032;-1.112541535;-1.220843861;-0.563583564;1
23;0;0;0;0;0;0;0;0;0;1;0;2;2;1;4;2;4;5;5;4;5;33;2;30;35;1;2;3;2;2;2;-1.135168367;0.182928441;0.100614011;0.697107276;-0.976553936;-0.788949413;1
24;1;0;0;0;1;1;0;0;0;1;0;3;2;2;3;2;6;6;4;4;3;0;0;40;60;1;3;1;4;2;4;-0.966933674;0.337382198;-0.272131669;-1.865952648;-1.240110239;0.349603505;1
25;0;0;0;1;1;0;0;0;0;0;0;2;2;2;4;2;4;2;5;4;5;40;10;30;20;2;2;3;2;1;3;-1.073645056;-0.310985458;0.528470377;1.271957926;-0.137913267;-1.014315261;4
26;0;0;0;0;0;0;0;0;0;0;1;1;1;1;1;1;3;3;2;3;5;50;5;20;25;1;3;3;4;2;1;-1.887785425;-0.970946929;0.030748384;2.018896721;-0.6366223;-0.284020656;1
27;0;1;0;1;1;0;1;0;0;1;0;5;5;4;6;6;5;6;6;4;5;10;50;20;20;1;2;3;4;2;5;0.952351597;0.657264827;0.103964308;-0.924127816;3.946888736;-0.475245468;2
29;0;0;0;0;0;0;0;0;0;0;1;2;3;2;5;4;2;3;3;2;3;5;5;30;60;2;3;3;2;2;1;-0.460037753;-1.264433711;-0.639257417;-1.47040572;-0.713703791;-0.5977246;4
30;1;0;0;0;0;1;1;0;0;0;0;6;6;6;6;6;5;7;6;5;5;20;20;40;20;1;3;3;3;2;3;1.376409494;1.005177038;0.871004558;-0.234288718;0.86070695;-0.440872628;1
31;0;0;0;1;0;0;0;0;0;0;0;1;2;1;2;2;1;2;1;1;4;10;10;70;10;2;3;3;3;2;2;-1.483831827;-2.021787283;2.258165857;-1.013013521;-0.193308099;-0.440872628;4
32;0;0;0;1;1;0;0;0;0;1;0;2;3;3;4;3;4;4;3;3;3;15;5;20;60;1;2;3;4;1;4;-0.688818839;-0.628751433;-0.998185975;-0.704625553;-0.695639564;-0.700611317;1
33;0;0;0;1;1;0;0;1;1;1;0;6;7;2;7;7;4;4;4;2;4;25;15;35;25;2;3;3;4;2;6;1.534269846;-0.580141845;0.552746845;0.129759993;0.352965804;-0.284020656;4
34;1;0;0;1;1;1;1;0;0;1;0;5;5;2;5;5;2;3;3;2;3;30;5;15;50;2;2;3;4;3;6;0.539000576;-1.264433711;-0.883669009;0.456413752;-0.669745375;-0.249879619;4
35;0;1;0;0;0;0;0;0;0;0;1;2;3;2;4;2;4;4;4;4;4;35;10;5;50;1;3;1;4;5;1;-0.959995856;-0.213593357;-1.250794757;0.85196068;-0.143338927;1.025701051;3
36;0;0;0;0;0;0;0;0;0;0;1;4;5;4;5;5;4;4;4;4;4;15;0;75;10;2;2;3;4;3;1;0.474685124;-0.213593357;2.454024515;-0.655437128;-1.219024656;-0.249879619;4
37;0;0;0;0;0;1;1;0;0;1;0;4;3;2;4;2;5;4;4;5;4;20;20;20;40;1;3;4;4;1;4;-0.585271707;0.113565921;-0.434815051;-0.259026826;0.863111253;-0.826198584;1
38;1;1;0;1;1;0;1;0;1;1;0;4;4;3;6;5;4;4;4;4;4;40;10;20;30;2;3;3;4;7;6;0.380163306;-0.213593357;-0.124439427;1.259588872;-0.136711116;0.842808588;2
39;0;0;0;0;0;0;0;0;0;1;0;2;2;1;2;2;4;4;4;4;4;10;10;50;30;1;2;3;3;2;2;-1.296469752;-0.213593357;0.952346249;-1.037751629;-0.190903796;-0.63209744;1
40;1;0;0;1;0;1;0;0;1;0;0;5;2;2;4;3;2;3;2;2;3;30;30;30;10;1;3;3;4;3;4;-0.301905126;-1.430247098;0.789662867;0.569174192;1.912317696;-0.058654807;1
41;0;1;1;1;1;1;1;0;0;0;0;4;5;4;6;5;5;5;5;5;5;20;10;50;20;1;2;3;3;1;6;0.555335817;0.510087719;1.246327494;-0.259602408;-0.174041721;-0.857463289;2
43;1;0;0;1;0;0;0;0;1;0;0;5;6;5;6;6;2;2;3;2;4;30;10;30;30;2;4;1;4;3;3;1.127524108;-1.363001232;0.234489131;0.493808705;-0.154775343;0.766194166;4
44;0;0;0;0;0;0;0;0;0;0;1;2;4;2;4;2;4;4;3;1;4;0;0;100;0;2;6;2;2;2;1;-0.846346657;-0.929229475;3.645327157;-1.791738324;-1.247323147;0.292761917;3
45;0;0;0;0;0;0;0;0;0;0;1;3;6;2;5;2;3;4;4;3;4;80;10;10;0;1;8;1;4;2;1;-0.351035491;-0.540752635;0.398575751;4.359816702;-0.068060663;1.305727567;3
46;0;0;0;1;1;0;0;0;0;0;0;4;5;2;4;4;4;4;5;5;4;30;20;10;40;1;3;1;4;5;3;0.061334103;0.135494273;-0.793743609;0.506753341;0.881175479;1.025701051;3
47;1;0;0;0;0;1;1;0;0;0;0;5;5;2;6;4;4;1;4;4;1;42;6;2;50;1;4;1;4;7;3;0.409997563;-0.905718593;-1.351915573;1.377881321;-0.544593436;1.66765756;3
48;0;0;1;1;1;1;1;1;1;1;0;6;5;4;7;6;1;2;1;1;1;20;20;0;60;2;3;4;3;7;9;1.220364364;-2.219998619;-1.740634659;-0.283764934;0.865515555;0.369144535;4
49;0;0;0;1;1;0;1;0;0;1;0;4;5;4;4;3;4;5;3;4;1;20;10;30;40;2;2;3;2;2;5;-0.025272979;-0.412980114;-0.059492114;-0.284340516;-0.171637418;-0.788949413;4
50;1;1;0;1;1;1;1;0;1;1;0;2;4;2;6;4;3;3;3;3;4;20;10;20;50;2;2;3;4;2;7;-0.265737861;-0.871203988;-0.712401918;-0.29670957;-0.170435267;-0.475245468;2
51;0;0;0;0;0;0;0;0;0;0;1;1;1;1;2;1;5;3;5;5;3;20;10;35;35;2;3;1;3;4;1;-1.807134732;0.048670895;0.266962788;-0.278155989;-0.172238494;0.64348323;3
52;1;0;0;1;1;0;0;0;1;0;0;2;6;4;7;5;6;6;6;6;7;10;20;20;50;1;3;3;4;4;4;0.374911559;1.29983924;-0.728796296;-1.037176047;0.846249177;0.166711042;1
53;0;0;0;0;0;0;1;0;0;0;0;2;1;3;4;2;3;4;3;3;6;20;30;25;25;1;2;3;3;2;2;-1.125770944;-0.574425131;0.16922672;-0.215159556;1.896056697;-0.63209744;1
54;0;0;0;0;0;0;0;0;0;0;1;5;5;1;5;5;5;4;6;5;3;15;15;30;40;2;3;1;3;5;1;0.477477264;0.379122248;-0.067689303;-0.654573755;0.336704804;0.868849078;3
55;0;1;1;1;1;1;1;0;1;1;0;2;5;3;5;6;5;4;4;4;5;35;10;20;35;2;2;3;3;2;8;0.248091369;-0.003637878;-0.27143005;0.870514261;-0.145142154;-0.63209744;2
56;0;1;1;1;0;0;0;0;0;1;0;5;5;2;6;6;5;4;5;4;5;25;10;15;50;2;3;3;4;4;4;0.829304974;0.162175508;-0.891866198;0.086180513;-0.161403153;0.166711042;2
57;0;1;0;1;0;0;0;0;1;0;0;3;2;3;4;5;4;7;4;5;6;20;20;10;50;1;2;3;3;6;3;-0.195798553;0.595735676;-1.087724855;-0.27139588;0.864313404;0.269365954;2
58;0;0;0;1;0;0;0;0;0;0;0;2;2;1;4;2;1;4;2;2;2;35;10;30;25;2;3;3;3;2;2;-1.135168367;-1.475564611;0.381479754;0.882883315;-0.146344305;-0.440872628;4
59;0;0;0;1;0;1;1;0;0;1;0;2;2;1;4;2;3;3;3;3;3;30;10;30;30;1;2;3;3;1;5;-1.135168367;-0.937274433;0.234489131;0.493808705;-0.154775343;-0.857463289;1
60;0;1;0;1;1;0;0;0;0;0;0;2;2;2;4;2;3;3;2;3;3;10;5;25;60;1;3;3;4;3;3;-1.073645056;-1.10308782;-0.818721696;-1.087515636;-0.704671677;-0.058654807;2
61;1;0;0;1;1;0;1;1;1;1;0;5;4;5;5;5;5;4;5;5;5;20;10;20;50;2;2;3;2;1;7;0.609921311;0.345449752;-0.712401918;-0.29670957;-0.170435267;-1.014315261;4
62;0;1;0;1;0;0;0;0;0;0;0;5;6;4;6;6;4;6;6;6;5;10;10;45;35;1;2;3;4;1;2;1.066000796;0.879928281;0.625891347;-1.043936156;-0.19030272;-0.700611317;2
64;1;0;1;1;1;1;1;0;0;1;0;4;5;2;5;4;7;6;7;7;7;30;10;25;35;2;2;3;3;3;7;0.141984796;1.792811904;-0.091965771;0.487624178;-0.154174267;-0.406731592;4
65;0;1;0;1;1;1;0;0;0;1;0;3;4;3;3;5;4;4;5;5;4;30;5;40;25;1;2;3;3;1;5;-0.049150847;0.135494273;0.748605502;0.487336387;-0.672750754;-0.857463289;2
66;0;0;0;1;0;1;1;1;0;1;0;2;2;2;3;2;5;4;5;5;5;25;5;35;35;2;2;3;2;1;6;-1.154295748;0.345449752;0.275159977;0.092077249;-0.680580716;-1.014315261;4
67;1;0;0;1;0;1;1;0;0;1;0;4;5;1;4;5;4;4;4;5;3;10;0;90;0;2;3;1;3;2;5;0.209464497;-0.096389559;3.286398598;-1.025958157;-1.229258921;0.192751532;4
68;1;0;0;0;0;0;1;0;0;0;0;4;3;4;4;5;6;5;5;6;3;10;10;20;60;1;2;1;2;2;2;0.166736033;0.705106106;-1.006383164;-1.074858791;-0.187297342;-0.155325252;1
69;0;0;0;1;1;1;1;0;0;1;0;5;5;3;5;5;4;2;5;2;3;10;10;30;50;2;2;3;2;2;6;0.600523887;-0.809674837;-0.35347336;-1.062489737;-0.188499493;-0.788949413;4
70;0;1;0;1;1;1;0;0;0;0;0;4;3;4;4;5;5;5;5;4;2;10;40;20;30;2;2;3;4;2;4;0.166736033;0.128602138;-0.17362256;-0.96181056;2.913342216;-0.475245468;2
71;0;0;0;1;0;1;1;0;0;1;0;4;5;3;5;5;3;3;4;3;4;20;0;40;40;1;2;3;4;1;5;0.413161813;-0.705390602;0.315830822;-0.309654206;-1.206386089;-0.700611317;1
72;1;0;0;1;1;0;0;0;0;0;0;6;3;5;3;3;7;7;7;7;7;50;5;5;40;2;2;2;2;4;3;0.10302539;1.957449871;-0.948616322;2.00034314;-0.634819073;-0.021405635;4
73;1;0;1;1;1;0;0;0;0;0;0;4;5;2;5;5;6;4;5;4;6;25;10;35;30;2;3;1;4;4;4;0.351638501;0.372130988;0.413953411;0.110918621;-0.163807456;0.800335202;4
74;1;0;0;1;0;0;0;0;0;0;0;6;7;3;3;7;6;5;6;7;6;20;10;20;50;2;3;2;4;7;2;1.273190387;1.252405072;-0.712401918;-0.29670957;-0.170435267;1.159620668;3
75;0;0;0;1;0;0;0;0;0;0;0;2;7;1;2;1;4;4;3;4;5;10;10;30;50;1;2;3;3;1;2;-0.937877461;-0.313336298;-0.35347336;-1.062489737;-0.188499493;-0.857463289;1
76;0;1;0;1;1;0;0;0;0;1;0;2;2;2;2;2;4;4;5;4;5;25;15;30;30;1;2;3;5;2;4;-1.234946441;0.018290474;0.226291943;0.123575466;0.353566879;-0.318393495;2
77;0;0;0;1;1;0;0;0;0;0;0;2;2;2;2;2;4;4;4;4;4;10;10;30;50;2;3;1;3;4;3;-1.234946441;-0.213593357;-0.35347336;-1.062489737;-0.188499493;0.64348323;4
79;0;1;0;0;1;0;0;0;0;0;0;3;2;2;2;2;4;4;4;4;4;2;0;90;8;2;4;2;3;2;2;-1.047584366;-0.213593357;3.051213602;-1.648477534;-1.242748581;0.067164265;2
80;0;0;0;1;1;1;1;0;0;0;0;5;5;2;6;6;6;6;6;6;6;30;10;35;25;2;3;3;3;2;5;0.829304974;1.233768795;0.560944034;0.499993232;-0.155376418;-0.440872628;4
81;1;0;0;0;1;0;0;1;0;0;0;4;5;4;7;6;5;5;5;5;5;20;15;40;25;1;3;3;3;2;3;0.845640215;0.510087719;0.732211124;-0.25313009;0.34393369;-0.440872628;1
82;1;0;1;1;1;0;1;1;1;1;0;6;6;5;6;6;7;6;7;6;7;15;5;30;50;2;3;3;3;2;8;1.314886183;1.609537661;-0.345276171;-0.692256499;-0.696841715;-0.440872628;4
83;1;1;0;1;1;0;1;0;0;1;0;4;4;4;4;4;5;5;5;4;5;20;10;35;35;1;3;3;4;1;5;0.070731527;0.326813475;0.266962788;-0.278155989;-0.172238494;-0.509386504;2
84;0;0;0;1;1;0;0;0;0;1;0;2;2;1;3;2;3;2;4;3;2;10;5;25;60;2;2;3;4;1;4;-1.21581906;-1.002169459;-0.818721696;-1.087515636;-0.704671677;-0.700611317;4
85;1;0;0;1;1;1;1;1;1;0;0;5;5;3;4;5;5;6;5;7;5;10;5;15;70;2;2;3;3;3;7;0.519873195;1.041274173;-1.4716315;-1.09988469;-0.703469526;-0.406731592;4
86;1;1;0;0;0;0;0;1;0;0;0;5;5;4;2;4;5;4;6;5;5;40;1;19;40;2;2;3;2;2;2;0.210441416;0.511263139;-0.439558589;1.224437497;-1.066782768;-0.788949413;2
87;0;0;1;1;0;1;1;0;0;1;0;2;2;4;4;2;4;4;5;4;5;20;10;50;20;2;3;2;4;1;6;-0.950598433;0.018290474;1.246327494;-0.259602408;-0.174041721;-0.192574424;4
88;0;1;0;1;1;1;1;0;0;1;0;2;2;1;4;2;4;4;5;4;5;30;0;30;40;2;3;1;4;5;6;-1.135168367;0.018290474;-0.043097737;0.456125961;-1.188321862;1.025701051;2
89;1;1;0;0;1;0;0;0;0;1;0;5;5;4;3;5;5;5;5;4;4;30;5;15;50;2;3;2;4;3;3;0.500745814;0.260743029;-0.883669009;0.456413752;-0.669745375;0.258157273;2
91;0;1;0;1;0;1;0;0;0;0;0;3;4;3;4;3;4;5;4;5;4;25;25;25;25;1;2;3;4;2;3;-0.387807565;0.134318853;0.177423908;0.155073683;1.387714475;-0.475245468;2
92;1;0;0;1;0;1;1;0;0;1;0;3;3;5;5;5;5;5;5;5;5;20;20;30;30;2;3;1;4;3;5;0.121547962;0.510087719;0.218094754;-0.246657772;0.861909101;0.574969353;4
93;1;1;0;0;0;1;1;0;0;1;0;4;5;2;5;5;5;5;5;5;4;5;5;40;50;1;3;3;4;4;4;0.351638501;0.444017273;0.013652388;-1.458036666;-0.714905942;0.166711042;2
94;1;1;0;0;1;0;0;0;1;1;0;7;1;7;7;7;4;5;7;6;1;10;15;10;65;2;4;1;4;2;4;1.347353282;0.616821919;-1.520499534;-1.068386473;0.330678069;0.540828317;2
95;1;0;0;1;1;1;1;0;0;0;0;3;3;3;4;3;2;3;2;2;3;20;15;5;60;2;8;1;2;7;5;-0.501456765;-1.430247098;-1.552973191;-0.296421779;0.34814122;2.118852865;3
96;0;0;0;1;0;0;0;0;0;0;0;2;2;1;2;2;1;1;1;1;1;10;30;60;0;2;5;1;3;3;2;-1.296469752;-2.384636586;2.160429789;-0.950017088;1.874987092;0.800567006;3
97;0;0;0;1;0;1;1;0;0;0;0;2;2;2;3;2;4;3;4;4;4;30;30;10;30;1;8;1;2;3;4;-1.154295748;-0.378231324;-0.516156741;0.544436085;1.914721999;1.21738947;3
98;0;1;0;0;0;0;0;0;0;1;0;2;4;2;5;4;5;5;5;3;4;30;0;40;30;2;3;1;2;3;2;-0.346388553;0.077468785;0.609812068;0.468495015;-1.189524013;0.261265409;2
99;0;0;0;1;1;0;1;0;0;1;0;4;6;3;5;4;2;2;2;2;2;10;10;40;40;2;3;1;4;2;5;0.317157307;-1.66095551;0.299436445;-1.050120683;-0.189701645;0.349603505;4
100;1;0;0;0;0;0;0;0;0;1;0;5;3;4;4;3;5;2;1;4;4;40;10;20;30;2;3;3;2;2;2;-0.065209304;-0.896424415;-0.124439427;1.259588872;-0.136711116;-0.5977246;4
101;0;1;0;1;1;0;1;0;0;1;0;6;6;3;6;7;4;4;4;4;4;40;30;15;15;1;2;3;2;1;5;1.401493265;-0.213593357;0.104279406;1.328769833;1.930982999;-1.014315261;2
102;0;0;0;1;0;1;0;0;0;1;0;3;5;2;6;5;6;2;3;2;2;20;10;60;10;1;2;3;4;2;4;0.244927119;-0.919601987;1.899237299;-0.247233354;-0.175243872;-0.475245468;1
103;0;0;0;1;1;1;1;1;0;1;0;6;6;2;6;6;4;4;4;4;4;25;10;25;40;2;3;2;4;4;7;1.130316248;-0.213593357;-0.238956394;0.098549567;-0.162605305;0.483523122;4
104;1;0;0;1;1;0;0;0;1;1;0;5;6;4;5;6;6;6;6;6;6;15;5;30;50;1;5;1;4;1;5;0.985350104;1.233768795;-0.345276171;-0.692256499;-0.696841715;0.506687281;1
105;0;0;0;0;0;1;1;0;0;0;0;1;1;1;2;1;1;3;1;3;3;20;20;40;20;1;2;4;4;1;3;-1.807134732;-1.556671274;0.871004558;-0.234288718;0.86070695;-1.017423397;1
106;1;1;0;1;1;0;0;0;0;0;0;6;6;6;6;6;2;6;6;4;5;10;30;10;50;2;3;1;4;3;3;1.376409494;0.225609725;-1.104119233;-1.011862357;1.880997848;0.574969353;2
107;0;0;0;0;0;1;1;0;0;0;0;1;1;1;2;1;2;2;2;2;2;20;10;50;20;1;8;4;4;3;3;-1.807134732;-1.66095551;1.246327494;-0.259602408;-0.174041721;0.580657175;1
108;0;0;0;0;1;1;1;0;0;0;0;2;2;1;2;2;1;2;1;1;1;20;20;40;20;2;8;2;4;7;4;-1.296469752;-2.219998619;0.871004558;-0.234288718;0.86070695;2.11574473;3
109;1;0;1;0;1;1;1;0;0;0;0;5;6;3;6;6;6;6;6;6;6;20;20;30;30;2;2;4;4;2;5;1.004477485;1.233768795;0.218094754;-0.246657772;0.861909101;-0.792057548;4
110;0;0;0;0;0;1;1;0;0;0;0;1;7;1;7;7;1;1;1;1;1;10;5;80;5;1;8;1;4;2;3;0.53593616;-2.384636586;2.772282228;-1.019485839;-0.71128351;1.305727567;3
111;0;0;1;1;0;1;1;0;0;1;0;3;5;1;6;4;1;1;1;1;1;20;20;0;60;2;3;1;4;7;6;-0.026249898;-2.384636586;-1.740634659;-0.283764934;0.865515555;1.476432748;3
112;1;0;1;0;1;0;0;0;0;0;0;3;5;3;3;6;6;5;5;5;6;20;10;45;25;2;3;3;5;1;3;0.274152058;0.720043198;0.919872592;-0.265786935;-0.173440645;-0.352534532;4
113;1;0;1;0;1;0;1;0;0;1;0;7;7;6;6;7;6;6;5;6;5;15;5;20;60;2;3;1;4;4;5;1.887074474;1.001884963;-0.998185975;-0.704625553;-0.695639564;0.800335202;4
114;0;0;0;0;1;1;1;0;0;0;0;1;2;2;1;1;2;2;2;2;2;20;20;40;20;1;7;4;4;2;4;-1.712612914;-1.66095551;0.871004558;-0.234288718;0.86070695;0.164066514;1
115;0;0;0;0;1;1;1;0;0;1;0;2;2;2;2;2;1;2;1;1;1;20;20;30;30;1;8;4;4;2;5;-1.234946441;-2.219998619;0.218094754;-0.246657772;0.861909101;0.355291326;1
116;0;0;0;1;1;1;1;0;0;0;0;2;2;2;2;2;2;2;2;2;2;30;10;30;30;2;7;1;4;3;5;-1.234946441;-1.66095551;0.234489131;0.493808705;-0.154775343;1.339868603;3
117;1;0;0;0;1;1;1;0;0;1;0;6;6;4;6;5;5;5;6;5;5;20;20;40;20;2;1;3;3;1;5;1.043709166;0.675901105;0.871004558;-0.234288718;0.86070695;-1.048688101;4
118;1;0;0;1;0;1;1;0;0;1;0;6;7;6;6;6;7;7;7;6;7;30;20;10;40;2;4;1;4;6;5;1.490058694;1.774175627;-0.793743609;0.506753341;0.881175479;1.442291712;3
119;1;0;1;1;1;1;1;0;1;0;0;6;6;5;6;6;4;5;6;5;6;20;20;30;30;2;4;3;4;2;7;1.314886183;0.598086516;0.218094754;-0.246657772;0.861909101;-0.092795843;4
120;0;1;0;1;1;0;0;0;0;0;0;2;3;3;4;5;4;3;3;3;2;20;30;20;30;2;2;4;4;2;3;-0.269511428;-0.859459845;-0.157228183;-0.221344082;1.896657772;-0.792057548;2
121;0;1;0;0;1;1;0;0;0;1;0;2;2;2;3;3;7;6;7;6;2;50;10;10;30;1;3;1;3;1;4;-0.944642043;1.279185433;-0.483367986;2.025369039;-0.118646889;-0.032614316;2
122;0;1;0;1;1;1;1;0;0;1;0;3;4;2;4;5;3;4;5;4;4;20;10;30;40;2;4;1;4;2;6;-0.030023466;-0.191665005;-0.059492114;-0.284340516;-0.171637418;0.540828317;2
123;1;0;0;1;1;0;1;0;0;0;0;4;3;1;7;4;2;3;2;1;1;15;15;15;55;1;4;1;4;4;4;0.01446447;-1.745662233;-1.047054009;-0.673127336;0.338508031;0.991560014;1
124;1;0;0;1;1;1;1;0;1;1;0;3;3;3;2;3;2;2;2;2;2;40;5;40;15;1;2;1;4;2;7;-0.66275815;-1.66095551;1.042586747;1.265485608;-0.655888678;0.158378692;1
125;1;1;0;1;1;1;0;0;0;0;0;5;5;3;5;5;6;6;6;5;5;15;5;40;40;1;3;1;4;3;4;0.600523887;0.984424105;0.307633633;-0.679887445;-0.698043867;0.574969353;2
126;0;1;0;0;1;0;1;0;0;1;0;6;5;6;6;6;3;4;3;4;3;5;15;50;30;2;3;3;4;2;4;1.262760295;-0.589362223;0.94414906;-1.407984868;0.317438426;-0.284020656;2
127;0;1;1;1;1;1;1;0;0;1;0;4;6;5;4;6;6;5;6;6;6;30;10;30;30;2;3;4;4;2;7;0.778860648;1.069130828;0.234489131;0.493808705;-0.154775343;-0.600832736;2
128;0;1;0;1;0;0;1;0;0;1;0;2;2;1;2;2;4;5;5;4;4;30;20;20;30;1;2;3;4;1;4;-1.296469752;0.116857995;-0.140833805;0.519122395;0.879973328;-0.700611317;2
129;1;0;0;1;1;0;1;1;0;1;0;6;6;4;6;6;7;7;7;7;7;20;10;30;40;2;2;3;2;2;6;1.253362871;1.957449871;-0.059492114;-0.284340516;-0.171637418;-0.788949413;4
130;1;1;1;0;0;0;1;0;0;0;0;6;3;4;3;4;4;5;4;3;4;50;20;5;25;2;4;4;4;7;3;0.251155784;-0.232229635;-0.53223602;2.056867256;0.915500706;0.71722132;2
131;0;1;0;1;0;1;1;0;0;1;0;3;4;2;4;4;4;4;4;4;4;20;20;20;40;1;2;1;4;3;5;-0.239677171;-0.213593357;-0.434815051;-0.259026826;0.863111253;0.383744541;2
132;0;0;1;0;1;0;1;0;0;0;0;4;3;2;5;4;5;4;2;4;5;24;22;20;34;2;3;1;2;6;4;-0.085313603;-0.33526465;-0.261705179;0.059769411;1.076565387;0.937362954;4
133;1;0;0;1;1;0;1;0;0;1;0;6;5;3;5;5;6;5;4;6;3;30;20;20;30;1;2;3;2;2;5;0.787885962;0.539292719;-0.140833805;0.519122395;0.879973328;-0.788949413;1
134;0;0;0;0;0;0;0;0;0;0;1;5;5;2;4;4;1;2;1;1;2;4;0;90;6;1;2;1;3;3;1;0.248696178;-2.153928174;3.110009851;-1.49284769;-1.239376166;0.226892569;1
136;0;0;0;0;0;0;0;0;0;0;1;2;2;1;4;2;3;4;3;4;3;30;0;70;0;2;8;2;4;5;1;-1.135168367;-0.589362223;2.568541481;0.505602177;-1.193130467;1.665013032;3
138;1;1;0;1;1;1;1;0;0;0;0;2;2;2;4;2;5;5;5;5;4;40;0;0;60;2;3;1;1;7;5;-1.073645056;0.444017273;-1.707845904;1.19716802;-1.167853333;1.005876831;2
139;1;0;0;1;1;0;1;0;1;1;0;5;6;4;4;5;6;5;6;4;5;20;10;30;40;1;2;1;3;4;6;0.695045706;0.636511895;-0.059492114;-0.284340516;-0.171637418;0.452258417;1
140;1;0;0;1;1;0;1;1;0;1;0;5;5;5;5;5;4;5;4;4;3;10;20;30;40;2;3;3;3;3;6;0.72357051;-0.115025837;-0.075886492;-1.024806993;0.845047026;-0.215506779;4
141;1;0;0;1;0;0;1;0;0;1;0;2;5;3;5;6;5;4;5;4;5;15;20;40;25;1;2;3;3;2;4;0.248091369;0.162175508;0.724013935;-0.623363329;0.852275913;-0.63209744;1
142;0;1;1;1;0;0;0;1;0;0;0;5;3;1;3;5;5;5;5;5;5;20;5;25;50;2;4;1;4;3;4;0.088877481;0.510087719;-0.52474045;-0.309366415;-0.687809602;0.766194166;2
143;1;0;0;1;1;1;1;0;0;0;0;5;2;5;6;6;5;5;5;5;5;30;10;10;50;2;8;1;5;2;5;0.67292731;0.510087719;-1.071330477;0.469070597;-0.15237104;1.462579539;3
144;0;0;0;1;0;0;1;0;0;0;0;3;3;2;4;3;3;3;5;3;3;20;30;30;20;2;3;3;3;2;3;-0.562980076;-0.605647661;0.495681622;-0.208975029;1.895455621;-0.440872628;4
145;0;1;0;1;1;1;1;0;0;1;0;5;5;4;5;5;4;6;4;3;6;30;20;20;30;1;2;1;4;5;6;0.662047199;0.064549222;-0.140833805;0.519122395;0.879973328;0.834476238;2
146;0;1;0;1;1;1;1;0;0;0;0;2;1;1;4;1;5;4;4;4;3;10;20;20;50;1;8;1;4;2;5;-1.458471272;-0.135778769;-0.728796296;-1.037176047;0.846249177;1.305727567;2
147;0;1;1;1;1;0;1;0;0;0;0;7;7;6;7;7;6;4;6;5;5;30;0;0;70;2;3;3;3;1;5;1.967725166;0.655148173;-2.001827149;0.419018799;-1.184715408;-0.666238477;2
148;1;0;0;1;1;0;1;0;0;1;0;6;6;4;5;6;6;6;6;6;6;30;5;35;30;2;2;1;2;5;5;1.172712179;1.233768795;0.4221506;0.48115186;-0.672149678;0.520772293;4
149;1;1;0;1;0;0;0;0;0;0;0;6;7;6;6;6;6;5;6;6;4;15;10;45;30;2;2;3;3;2;2;1.490058694;0.936989937;0.77288197;-0.654861546;-0.181871683;-0.63209744;2
150;0;1;0;1;1;1;1;0;0;1;0;3;3;3;4;5;4;4;4;4;3;10;25;30;35;2;3;3;4;3;6;-0.082149353;-0.279663803;0.062906942;-1.005965621;1.361820286;-0.058654807;2
151;0;0;0;0;0;1;1;0;0;0;0;5;5;1;5;3;5;5;5;5;5;25;5;30;40;2;2;3;2;1;3;0.058169853;0.510087719;-0.051294925;0.085892722;-0.67997964;-1.014315261;4
152;0;1;0;0;1;0;0;0;0;0;0;4;5;4;6;6;4;4;4;4;4;5;15;40;40;2;2;3;2;2;2;0.764989522;-0.213593357;0.291239256;-1.420353922;0.318640577;-0.788949413;2
153;0;0;0;1;0;0;0;0;0;0;0;3;3;2;3;2;2;6;5;3;6;5;5;40;50;1;2;3;3;1;2;-0.853284474;-0.05740746;0.013652388;-1.458036666;-0.714905942;-0.857463289;1
154;0;1;0;1;1;0;0;0;0;0;0;4;3;3;3;2;2;6;6;7;7;25;15;35;25;1;2;3;3;1;3;-0.604399088;0.907573347;0.552746845;0.129759993;0.352965804;-0.857463289;2
155;0;0;0;0;0;0;0;0;0;0;1;2;2;1;2;2;3;3;3;5;3;30;0;40;30;1;8;1;2;5;1;-1.296469752;-0.570725946;0.609812068;0.468495015;-1.189524013;1.668121168;3
156;1;0;1;1;1;1;1;1;1;1;0;7;1;7;7;7;5;6;6;6;6;15;10;25;50;2;3;3;4;4;9;1.347353282;1.089883761;-0.532937639;-0.679599654;-0.17946738;0.166711042;4
157;0;0;1;1;1;1;1;1;1;1;0;6;6;5;7;6;5;4;4;4;4;10;0;30;60;2;3;3;3;2;9;1.395536875;-0.069708323;-0.631060228;-1.100172481;-1.222046013;-0.440872628;4
158;0;0;0;0;0;0;0;0;0;0;1;1;1;1;1;1;1;1;1;1;1;25;15;35;25;1;2;3;3;2;1;-1.887785425;-2.384636586;0.552746845;0.129759993;0.352965804;-0.63209744;1
159;0;0;0;0;0;0;1;0;0;1;0;2;2;2;2;2;2;3;2;3;5;60;0;40;0;1;2;3;4;1;3;-1.234946441;-1.114831963;1.491755805;2.802942678;-1.138937787;-0.700611317;1
160;1;1;0;1;0;0;0;0;0;0;0;3;6;2;6;4;5;4;3;5;4;10;10;10;70;2;2;3;3;2;2;0.148922613;-0.052247466;-1.659292968;-1.087227845;-0.186095191;-0.63209744;2
161;0;1;0;0;1;0;1;0;0;0;0;2;2;2;4;2;2;4;4;3;2;15;5;35;45;1;2;3;3;1;3;-1.073645056;-0.816778561;-0.018821269;-0.686071972;-0.697442791;-0.857463289;2
162;1;0;0;0;1;0;0;0;0;0;0;5;6;5;6;6;6;6;6;6;6;10;1;19;70;2;8;1;4;7;2;1.127524108;1.233768795;-1.321502326;-1.110010166;-1.117368994;2.43255681;3
163;0;1;0;1;1;0;1;0;1;1;0;2;3;2;4;3;4;4;4;4;2;30;10;10;50;2;8;1;1;7;6;-0.750342151;-0.345734248;-1.071330477;0.469070597;-0.15237104;1.962000892;3
164;1;0;0;1;1;1;1;0;0;1;0;2;2;2;3;3;5;6;6;5;6;10;0;30;60;1;2;3;2;1;6;-0.944642043;0.906609517;-0.631060228;-1.100172481;-1.222046013;-1.014315261;1
165;1;0;0;1;1;1;1;0;0;1;0;2;2;4;4;3;5;6;5;6;6;25;10;40;25;1;3;1;2;4;6;-0.740944727;0.924070374;0.740408313;0.117103148;-0.164408532;0.486631257;1
166;1;0;0;1;0;0;1;0;0;0;0;1;1;1;1;1;4;4;4;4;4;10;30;30;30;1;8;1;4;2;3;-1.887785425;-0.213593357;0.201700376;-0.98712425;1.878593546;1.305727567;3
167;0;1;0;0;0;1;0;0;0;0;0;2;3;2;4;3;5;6;4;5;4;20;20;40;20;1;3;4;4;3;2;-0.750342151;0.442841853;0.871004558;-0.234288718;0.86070695;-0.375466887;2
168;1;0;0;1;0;0;0;0;0;0;0;5;4;2;4;6;6;5;5;5;4;15;5;0;80;1;3;3;4;2;2;0.55435439;0.587902307;-2.304005584;-0.72936366;-0.693235261;-0.284020656;1
169;0;0;0;0;0;1;1;0;0;0;0;2;2;1;2;2;1;1;1;1;1;20;10;65;5;1;2;3;4;2;3;-1.296469752;-2.384636586;2.225692201;-0.241048827;-0.175844948;-0.475245468;1
170;0;0;0;1;1;0;1;0;0;1;0;2;4;2;2;2;3;5;4;5;3;5;5;50;40;1;2;3;2;1;5;-1.007648042;-0.075636627;0.666562192;-1.445667612;-0.716108093;-1.014315261;1
171;1;1;0;1;1;0;0;1;0;0;0;2;2;2;4;2;6;6;5;5;7;20;10;30;40;1;2;3;2;2;4;-1.073645056;0.95075161;-0.059492114;-0.284340516;-0.171637418;-0.788949413;2
173;1;0;0;1;1;1;1;0;0;1;0;3;5;3;4;5;2;3;3;2;3;30;10;20;40;1;2;3;2;2;6;0.145149045;-1.264433711;-0.418420673;0.481439651;-0.153573191;-0.788949413;1
174;0;1;0;0;0;1;0;0;0;0;0;3;3;1;4;2;2;4;4;5;4;50;0;0;50;1;2;1;4;2;2;-0.834157093;-0.318089182;-1.413864658;1.975317241;-1.150991257;0.158378692;2
175;0;1;1;1;1;0;0;1;1;0;0;2;2;5;6;6;4;6;5;5;5;10;0;70;20;2;2;3;3;2;6;0.110841086;0.530840651;1.98057899;-1.050696265;-1.226854618;-0.63209744;2
176;1;1;1;1;1;0;1;0;1;1;0;7;7;5;7;7;6;7;6;6;5;30;5;15;50;2;4;1;4;3;7;1.906201855;1.332336316;-0.883669009;0.456413752;-0.669745375;0.766194166;2
177;0;1;0;0;1;0;1;0;0;1;0;1;1;1;7;1;3;3;3;2;4;25;25;40;10;2;2;3;3;1;4;-1.403881269;-1.054478232;1.156788615;0.173627264;1.385911248;-0.857463289;2
178;0;0;0;0;1;0;1;0;0;1;0;5;2;2;4;3;3;3;3;4;3;20;0;30;50;2;2;3;2;1;4;-0.301905126;-0.75400019;-0.337078982;-0.32202326;-1.205183937;-1.014315261;4
179;1;1;0;1;1;0;0;0;1;0;0;7;7;7;7;7;7;7;7;7;7;50;1;1;48;2;3;2;4;7;4;2.029248478;1.957449871;-1.320814991;1.980322421;-1.047756821;1.159620668;2
180;0;0;0;1;0;1;1;0;0;0;0;6;7;2;6;5;6;5;4;6;3;20;40;10;30;1;3;4;4;1;4;1.034311742;0.539292719;-0.532551119;-0.196030393;2.931406443;-0.826198584;1
181;1;1;0;0;1;0;0;0;0;0;0;5;5;3;5;5;6;5;5;5;5;30;20;40;10;2;2;3;2;1;2;0.600523887;0.653972753;1.164985804;0.543860503;0.877569026;-1.014315261;2
182;1;0;0;1;1;1;1;1;1;1;0;7;7;5;7;7;4;5;3;5;2;20;20;20;40;2;3;1;4;4;8;1.906201855;-0.163635424;-0.434815051;-0.259026826;0.863111253;0.800335202;4
183;0;1;0;0;1;1;1;0;0;1;0;3;5;2;3;3;6;6;6;6;2;20;10;30;40;1;3;3;4;2;5;-0.41633237;0.969487013;-0.059492114;-0.284340516;-0.171637418;-0.284020656;2
184;1;0;0;1;1;1;0;1;0;1;0;4;5;2;5;5;5;5;6;5;6;15;5;10;70;1;2;3;3;1;6;0.351638501;0.74197155;-1.65109578;-0.716994607;-0.694437413;-0.857463289;1
185;1;1;0;1;1;0;0;0;0;1;0;7;7;6;7;7;7;7;7;7;7;30;10;30;30;1;2;3;2;1;4;1.967725166;1.957449871;0.234489131;0.493808705;-0.154775343;-1.014315261;2
186;0;0;0;0;0;1;0;0;0;0;0;2;2;2;2;2;4;3;6;6;3;20;10;30;40;1;2;3;2;1;2;-1.234946441;0.253873491;-0.059492114;-0.284340516;-0.171637418;-1.014315261;1
187;0;1;0;1;1;0;1;0;1;1;0;2;3;3;4;3;5;6;5;5;5;30;10;30;30;1;4;1;3;4;6;-0.688818839;0.674725685;0.234489131;0.493808705;-0.154775343;0.834708042;2
188;1;1;1;1;1;0;1;0;0;1;0;6;6;5;6;7;5;4;5;5;6;15;5;30;50;2;3;1;4;2;6;1.524539888;0.411520198;-0.345276171;-0.692256499;-0.696841715;0.349603505;2
189;0;0;0;1;1;1;1;1;1;1;0;5;5;2;5;5;5;5;6;6;5;20;5;35;40;1;2;3;2;2;8;0.539000576;0.859175349;0.128169354;-0.296997361;-0.689011753;-0.788949413;1
190;1;0;0;1;1;1;1;0;0;0;0;2;3;4;2;2;5;5;4;5;4;5;5;10;80;1;8;1;5;3;5;-0.998250618;0.278203887;-1.945077025;-1.495143828;-0.711299488;1.687945388;3
191;0;0;0;1;1;1;1;0;1;1;0;6;6;5;6;6;4;4;4;4;4;20;20;10;50;2;2;1;3;7;7;1.314886183;-0.213593357;-1.087724855;-0.27139588;0.864313404;1.128355963;4
192;0;0;0;1;1;0;0;0;0;1;0;2;2;1;5;2;4;4;2;2;2;20;20;10;50;1;2;3;2;3;4;-1.054517675;-1.043909509;-1.087724855;-0.27139588;0.864313404;-0.563583564;1
193;0;1;0;0;0;0;0;0;0;0;1;2;2;2;5;2;3;3;3;3;2;15;30;40;15;2;2;3;2;1;1;-0.992994363;-1.003344879;1.001600803;-0.585680585;1.885822432;-1.014315261;2
194;0;1;0;1;1;1;1;0;0;1;0;5;5;3;5;6;6;6;6;6;6;15;10;15;60;1;4;2;4;2;6;0.810177593;1.233768795;-1.185847443;-0.691968708;-0.178265229;0.224016237;2
195;0;0;0;0;0;0;0;0;0;0;1;2;2;1;2;2;2;3;3;3;3;15;15;50;20;2;4;1;4;2;1;-1.296469752;-1.081159468;1.238130306;-0.629835647;0.334300501;0.540828317;3
196;0;1;0;1;0;1;1;0;0;1;0;5;4;2;6;5;5;4;5;4;5;25;25;40;10;2;3;3;3;2;5;0.506002069;0.162175508;1.156788615;0.173627264;1.385911248;-0.440872628;2
197;0;0;0;0;1;1;1;0;0;0;0;3;3;3;3;3;3;2;4;5;3;30;10;40;20;1;2;3;2;1;4;-0.582107457;-0.569550526;0.887398936;0.506177759;-0.155977494;-1.014315261;1
198;1;0;0;0;1;1;1;0;0;1;0;6;2;5;6;7;7;7;6;7;6;30;1;9;60;2;2;3;3;2;5;1.069943091;1.725566039;-1.386449639;0.433919222;-1.082442692;-0.63209744;4
199;0;0;0;0;0;0;0;0;0;0;1;3;2;1;2;2;4;4;4;5;5;20;10;20;50;2;2;3;2;2;1;-1.109107678;0.035751332;-0.712401918;-0.29670957;-0.170435267;-0.788949413;4
200;0;0;0;1;0;0;1;0;0;0;0;5;4;2;5;6;4;3;5;3;4;30;20;0;50;1;8;2;4;2;3;0.635005082;-0.395692181;-1.446653414;0.494384287;0.882377631;0.988915486;1
201;0;1;0;0;0;0;0;0;0;0;1;2;2;1;3;2;4;4;4;4;4;10;0;50;40;1;2;1;4;2;1;-1.21581906;-0.213593357;0.674759381;-1.075434373;-1.224450315;0.158378692;2
202;0;0;0;1;1;1;1;1;0;0;0;2;2;2;2;2;5;5;5;5;5;35;0;50;15;1;2;3;2;1;6;-1.234946441;0.510087719;1.409712495;0.869938679;-1.182295127;-1.014315261;1
203;0;0;0;0;1;1;1;0;0;1;0;2;2;2;4;2;4;4;4;4;4;25;10;35;30;1;2;3;3;2;5;-1.073645056;-0.213593357;0.413953411;0.110918621;-0.163807456;-0.63209744;1
204;0;0;0;1;1;1;1;0;1;0;0;4;5;3;5;6;4;5;4;4;5;20;10;40;30;2;2;3;4;2;6;0.622815518;0.017115054;0.59341769;-0.271971462;-0.172839569;-0.475245468;4
205;0;1;1;1;1;1;0;0;0;1;0;2;2;2;5;2;5;4;4;5;6;20;10;20;50;1;2;2;2;3;6;-0.992994363;0.245706812;-0.712401918;-0.29670957;-0.170435267;-0.246771484;2
206;0;1;0;1;1;1;1;0;0;1;0;5;6;5;5;6;5;3;4;3;5;30;15;30;25;1;2;3;4;2;6;1.046873415;-0.351550088;0.373282565;0.512650077;0.361997917;-0.475245468;2
207;1;1;0;0;0;1;0;0;0;0;0;2;2;1;5;3;3;5;2;3;3;20;40;30;10;1;2;3;2;2;2;-0.844863969;-0.773811887;0.77326849;-0.171292285;2.92900214;-0.788949413;2
208;0;0;0;1;0;0;0;0;0;1;0;1;2;1;2;1;1;1;1;1;1;80;0;20;0;1;2;1;2;3;3;-1.693485533;-2.384636586;0.773898687;4.334503012;-1.102809334;0.070040596;1
209;1;0;0;1;0;0;0;0;0;0;0;3;3;2;4;5;6;5;5;5;5;40;10;10;40;1;2;3;2;2;2;-0.143672665;0.653972753;-0.777349232;1.247219818;-0.135508965;-0.788949413;1
210;1;0;0;1;1;1;1;0;0;1;0;6;5;3;5;5;1;4;1;1;1;10;5;80;5;2;2;3;3;2;6;0.787885962;-1.890722687;2.772282228;-1.019485839;-0.71128351;-0.63209744;4
211;1;1;0;1;1;1;1;0;0;0;0;6;6;4;6;6;6;5;5;5;5;20;5;25;50;1;3;3;3;2;5;1.253362871;0.653972753;-0.52474045;-0.309366415;-0.687809602;-0.440872628;2
212;0;1;0;1;1;0;0;0;0;0;0;3;3;3;4;4;5;4;3;5;5;10;8;12;70;1;3;3;2;2;3;-0.291803059;0.01382298;-1.584228381;-1.092290583;-0.393044925;-0.5977246;2
213;1;0;0;1;1;1;1;1;1;1;0;5;5;4;5;5;4;5;3;3;5;25;5;20;50;2;3;3;2;3;8;0.662047199;-0.331972576;-0.70420473;0.073523668;-0.678777489;-0.372358752;4
214;1;0;0;0;0;1;0;0;0;0;0;2;6;2;4;2;3;2;2;2;2;20;40;10;30;1;8;1;4;7;2;-0.619048258;-1.517070475;-0.532551119;-0.196030393;2.931406443;2.43255681;3
215;1;1;0;1;1;0;0;0;0;0;0;5;5;5;4;4;2;6;2;5;3;20;20;10;50;2;3;3;2;3;3;0.433266112;-0.386510467;-1.087724855;-0.27139588;0.864313404;-0.372358752;2
216;0;0;0;0;0;1;1;0;0;1;0;4;5;2;3;3;3;4;4;5;4;40;15;30;15;1;2;1;3;2;4;-0.228970295;-0.174204148;0.667263811;1.290799298;0.378859992;0.00152672;1
218;1;0;0;0;0;0;1;0;0;0;0;3;4;2;5;4;2;4;3;3;3;30;10;50;10;2;6;1;2;7;2;-0.159026479;-0.916521501;1.54030874;0.518546813;-0.157179645;1.73640324;3
219;1;0;0;1;1;0;0;0;0;1;0;2;2;2;2;2;4;5;4;4;3;25;15;30;30;2;3;3;3;3;4;-1.234946441;-0.115025837;0.226291943;0.123575466;0.353566879;-0.215506779;4
220;0;0;0;1;0;1;1;0;0;1;0;6;6;4;6;6;2;2;2;2;3;20;5;40;35;2;4;1;3;5;5;1.253362871;-1.594885064;0.454624256;-0.290812834;-0.689612829;1.060073891;4
221;0;1;0;1;0;1;1;0;1;0;0;5;6;5;6;6;4;4;6;5;5;20;20;30;30;1;4;1;4;2;5;1.127524108;0.367378104;0.218094754;-0.246657772;0.861909101;0.540828317;2
222;0;0;0;1;1;0;0;0;0;0;0;2;4;3;4;4;4;4;5;4;5;20;15;35;30;2;2;3;2;2;3;-0.365515934;0.018290474;0.405756222;-0.259314617;0.344534766;-0.788949413;4
223;0;0;0;1;1;0;0;0;0;1;0;4;4;2;5;5;4;4;3;3;3;88;4;4;4;2;3;1;4;7;4;0.237989302;-0.628751433;0.075462744;4.952305;-0.673977624;1.476432748;3
224;1;0;1;1;1;0;0;0;1;1;0;3;3;2;4;3;3;4;5;3;5;30;0;0;70;2;4;2;4;7;6;-0.562980076;-0.308868804;-2.001827149;0.419018799;-1.184715408;1.35084548;3
225;1;1;0;1;1;0;0;0;0;0;0;4;4;2;6;5;6;7;7;6;2;10;20;30;40;2;3;3;3;2;3;0.318639994;1.299938365;-0.075886492;-1.024806993;0.845047026;-0.440872628;2
226;1;0;0;1;1;1;1;0;0;0;0;6;6;5;7;6;5;6;6;5;4;20;15;30;35;2;3;3;3;2;5;1.395536875;0.774468626;0.07930132;-0.265499144;0.345135842;-0.440872628;4
227;0;0;0;0;1;0;0;0;0;0;0;4;4;5;4;4;3;2;3;4;5;30;5;15;50;2;8;1;4;2;2;0.132254838;-0.786497265;-0.883669009;0.456413752;-0.669745375;1.305727567;3
228;0;1;1;1;0;1;1;0;0;1;0;2;2;2;2;3;5;5;6;5;4;20;10;35;35;1;2;3;4;1;6;-1.025292735;0.609830659;0.266962788;-0.278155989;-0.172238494;-0.700611317;2
229;1;0;0;1;1;1;1;0;0;0;0;2;6;2;5;6;4;5;4;4;4;30;10;20;40;1;7;2;4;5;5;0.300217257;-0.048955391;-0.418420673;0.481439651;-0.153573191;1.47378822;3
230;0;0;0;0;0;0;0;0;0;1;0;2;2;1;3;3;5;5;5;5;5;20;20;35;25;1;4;3;3;2;2;-1.006165354;0.510087719;0.544549656;-0.240473245;0.861308026;-0.249647816;1
231;1;0;0;1;0;0;0;0;0;0;0;6;7;5;7;7;6;6;6;6;6;20;0;10;70;2;7;1;2;2;2;1.71883978;1.233768795;-1.642898591;-0.346761368;-1.202779635;0.800798809;3
232;1;0;0;0;1;0;0;0;0;0;0;4;2;5;6;5;2;3;2;2;3;40;20;10;30;2;5;1;4;7;2;0.27591153;-1.430247098;-0.499762364;1.284902562;0.898037555;1.858882373;3
233;1;1;0;1;0;0;0;0;0;0;0;6;6;4;6;6;5;6;7;7;6;25;10;25;40;2;5;1;4;7;2;1.253362871;1.438971391;-0.238956394;0.098549567;-0.162605305;1.858882373;3
234;1;0;0;1;1;1;1;1;1;1;0;4;4;4;4;4;3;5;2;3;4;50;5;40;5;1;3;1;4;7;8;0.070731527;-0.707741442;1.336567993;2.043634829;-0.639026603;1.476432748;3
235;1;0;0;1;1;0;0;0;1;0;0;6;6;5;6;6;5;6;6;6;5;20;10;10;60;2;8;2;4;7;4;1.314886183;1.023813315;-1.365311723;-0.309078624;-0.169233115;2.11574473;3
236;1;0;0;0;1;0;0;1;0;0;0;5;6;4;6;5;3;4;4;5;4;40;0;40;20;2;2;3;4;2;3;0.856347091;-0.174204148;0.903793313;1.246644236;-1.172661938;-0.475245468;4
238;1;0;0;0;0;0;0;0;0;0;1;2;2;1;4;2;5;4;5;5;4;11;11;50;28;1;8;2;4;4;1;-1.135168367;0.279379307;1.00950306;-0.956168433;-0.085862936;1.439647184;3
239;1;0;0;1;1;1;1;0;0;1;0;4;4;2;5;3;6;6;6;7;6;60;5;20;15;2;2;3;3;2;6;-0.181318109;1.417043039;0.32472963;2.797045942;-0.619760225;-0.63209744;4
240;1;1;0;1;1;0;1;0;1;1;0;6;6;4;6;6;6;6;6;6;6;15;5;15;65;2;4;1;4;4;6;1.253362871;1.233768795;-1.324640877;-0.71081008;-0.695038488;0.991560014;2
241;0;0;0;0;0;0;0;0;0;0;1;1;1;1;2;1;2;5;3;4;5;15;2;70;13;1;2;3;4;1;1;-1.807134732;-0.4364684;2.183086986;-0.654085106;-1.011714276;-0.700611317;1
242;0;0;0;1;1;0;0;0;0;0;0;3;4;2;6;4;3;2;2;3;2;30;10;40;20;1;2;3;2;1;3;-0.078375786;-1.333796232;0.887398936;0.506177759;-0.155977494;-1.014315261;1
243;1;0;1;1;1;0;1;1;0;1;0;5;5;4;5;5;2;4;4;5;3;0;0;0;100;2;5;4;2;5;7;0.662047199;-0.384159627;-2.883770886;-1.915428864;-1.235301634;0.14401049;4
244;1;1;1;1;0;0;1;0;0;0;0;6;6;5;6;7;7;6;5;5;5;20;10;20;50;1;2;3;3;2;4;1.524539888;0.962495753;-0.712401918;-0.29670957;-0.170435267;-0.63209744;2
245;1;1;0;0;0;0;0;0;0;0;1;3;6;4;4;5;5;4;5;3;3;25;15;20;40;2;3;1;4;3;1;0.320321556;-0.153239626;-0.426617862;0.111206412;0.354769031;0.574969353;2
246;0;0;0;0;1;1;0;0;0;0;0;2;2;1;3;3;4;5;2;3;4;15;30;25;30;1;2;3;2;2;3;-1.006165354;-0.563856407;0.022236097;-0.604234166;1.887625659;-0.788949413;1
247;1;0;0;1;1;0;0;0;0;1;0;5;5;4;5;6;3;5;5;3;5;20;10;30;40;2;3;3;3;2;4;0.871700904;-0.144230837;-0.059492114;-0.284340516;-0.171637418;-0.440872628;4
248;1;1;0;1;1;0;0;0;0;1;0;3;6;2;5;3;3;5;7;7;7;20;25;25;30;1;2;3;2;2;4;-0.141381785;1.052633801;0.030433286;-0.234000927;1.379283437;-0.788949413;2
249;1;1;0;1;1;0;0;0;0;1;0;5;5;2;6;6;6;5;6;4;5;20;5;15;60;2;3;3;3;2;4;0.829304974;0.636511895;-1.177650255;-0.321735469;-0.686607451;-0.440872628;2
250;0;0;0;0;0;1;1;0;0;1;0;2;2;1;2;3;4;4;4;4;4;25;10;30;35;1;3;3;3;2;4;-1.086816047;-0.213593357;0.087498509;0.104734094;-0.16320638;-0.440872628;1
251;0;1;0;1;1;0;0;0;0;1;0;6;6;4;6;6;7;5;6;7;6;25;5;10;60;2;3;1;4;3;4;1.253362871;1.396290106;-1.357114534;0.061154614;-0.677575337;0.574969353;2
252;1;0;0;0;0;0;0;0;0;0;1;2;3;1;3;5;5;2;6;5;3;40;10;40;10;1;3;3;4;1;1;-0.473208744;0.049846315;1.181380181;1.28432698;-0.139115419;-0.509386504;1
253;0;0;0;0;1;0;0;0;0;0;0;2;2;2;3;2;4;4;4;5;4;20;40;20;20;1;2;1;4;2;2;-1.154295748;-0.030319114;0.120358685;-0.183661339;2.930204292;0.158378692;1
254;0;1;0;1;1;0;0;0;0;1;0;3;3;2;2;3;5;6;5;5;6;30;5;30;35;1;2;3;2;2;4;-0.724281461;0.74079613;0.095695697;0.474967333;-0.671548602;-0.788949413;2
255;0;0;0;0;1;0;1;0;0;0;0;2;2;1;4;3;7;2;7;6;2;0;0;100;0;1;2;3;3;3;3;-0.925514662;0.620633568;3.645327157;-1.791738324;-1.247323147;-0.406731592;1
256;1;1;0;1;0;0;1;0;0;0;0;2;3;2;5;3;3;3;4;3;3;10;40;20;30;1;2;3;2;2;3;-0.669691458;-0.771461047;-0.17362256;-0.96181056;2.913342216;-0.788949413;2
257;0;0;1;0;0;0;0;0;0;0;0;2;3;2;4;3;3;4;3;3;3;10;15;50;25;2;4;1;3;4;2;-0.750342151;-0.772636467;1.091139683;-1.018910257;0.325869464;0.834708042;3
258;1;0;0;1;1;1;1;0;0;1;0;3;3;2;3;3;3;5;3;3;5;30;15;15;40;1;2;3;4;1;6;-0.643630769;-0.47585761;-0.606082141;0.494096496;0.363801144;-0.700611317;1
259;0;1;0;0;0;0;1;1;0;0;0;3;4;2;4;3;5;5;5;5;5;35;10;20;35;1;3;3;4;3;3;-0.449330877;0.510087719;-0.27143005;0.870514261;-0.145142154;-0.058654807;2
260;1;0;0;1;1;1;1;0;1;0;0;4;6;5;5;6;6;5;5;4;5;30;20;20;30;2;3;1;3;5;6;0.859511341;0.470698509;-0.140833805;0.519122395;0.879973328;0.868849078;4
261;1;0;0;1;1;1;1;0;0;1;0;3;3;2;2;3;5;5;5;5;5;10;5;55;30;1;2;3;3;4;6;-0.724281461;0.510087719;1.140007717;-1.050408474;-0.708278131;-0.181365743;1
262;1;0;0;0;0;0;0;0;0;0;1;2;2;2;4;2;6;5;6;6;3;15;0;15;70;1;2;1;4;5;1;-1.073645056;0.870919492;-1.463434311;-0.729651451;-1.211811748;0.834476238;3
263;0;1;1;1;1;0;0;0;0;1;0;5;5;5;5;6;6;6;6;6;6;20;10;20;50;2;3;1;4;6;5;0.933224216;1.233768795;-0.712401918;-0.29670957;-0.170435267;1.251066899;2
264;1;1;0;1;1;0;0;0;0;1;0;2;2;2;2;3;4;4;6;4;5;30;10;30;30;1;3;3;4;2;4;-1.025292735;0.184103861;0.234489131;0.493808705;-0.154775343;-0.284020656;2
265;0;0;0;0;0;0;0;0;0;0;1;1;1;1;2;1;1;1;1;1;1;10;10;20;60;1;5;1;4;4;1;-1.807134732;-2.384636586;-1.006383164;-1.074858791;-0.187297342;1.182784827;3
266;0;1;0;1;1;1;1;0;0;0;0;3;3;2;6;4;4;4;5;5;5;15;5;30;50;2;2;3;2;1;5;-0.192024985;0.201564718;-0.345276171;-0.692256499;-0.696841715;-1.014315261;2
267;0;0;0;1;0;0;0;0;0;1;0;5;6;2;5;7;5;5;5;5;5;10;15;30;45;2;3;3;3;2;3;1.071957186;0.510087719;-0.214679926;-1.043648365;0.328273766;-0.440872628;4
268;1;0;0;0;0;0;1;0;0;1;0;5;3;2;3;3;5;5;5;5;5;25;25;25;25;1;3;1;3;1;3;-0.268906619;0.510087719;0.177423908;0.155073683;1.387714475;-0.032614316;1
269;0;1;0;1;1;0;0;0;1;1;0;6;4;6;4;6;6;4;3;4;3;30;10;30;30;2;3;1;4;5;5;0.98780971;-0.157707121;0.234489131;0.493808705;-0.154775343;1.025701051;2
270;1;0;1;1;1;0;0;1;0;0;0;2;4;2;5;2;5;5;5;5;5;50;0;10;40;1;2;3;2;2;5;-0.765695964;0.510087719;-0.760954854;1.987686295;-1.152193409;-0.788949413;1
271;0;0;0;0;0;1;1;0;0;0;0;2;2;1;2;2;3;3;3;3;3;30;20;20;30;1;2;3;2;1;3;-1.296469752;-0.937274433;-0.140833805;0.519122395;0.879973328;-1.014315261;1
272;1;0;0;1;1;0;0;0;0;1;0;4;4;4;4;5;3;3;5;5;3;10;5;35;50;2;2;3;2;1;4;0.280385232;-0.239099173;-0.165811892;-1.075146582;-0.705873829;-1.014315261;4
273;0;1;0;1;1;1;1;0;0;0;0;6;7;5;5;6;5;3;5;4;5;30;5;5;60;2;2;3;3;2;5;1.34788469;-0.002462458;-1.536578813;0.444044698;-0.668543224;-0.63209744;2
274;1;0;0;1;0;0;1;0;0;0;0;4;4;2;5;5;5;6;5;6;5;15;20;25;40;1;2;3;4;1;3;0.237989302;0.857999929;-0.255350771;-0.64191691;0.854079139;-0.700611317;1
275;1;0;1;1;1;1;1;0;0;1;0;6;6;6;6;6;5;4;7;4;4;30;0;40;30;2;2;3;3;1;7;1.376409494;0.427731835;0.609812068;0.468495015;-1.189524013;-0.857463289;4
276;0;0;0;1;0;0;0;0;0;0;0;3;3;2;5;3;5;5;5;5;5;30;10;20;40;2;2;3;2;2;2;-0.482329383;0.510087719;-0.418420673;0.481439651;-0.153573191;-0.788949413;4
277;0;0;0;1;0;1;1;0;0;0;0;2;2;1;2;2;1;4;4;1;1;20;20;40;20;1;2;3;2;1;4;-1.296469752;-1.393282528;0.871004558;-0.234288718;0.86070695;-1.014315261;1
278;1;0;0;1;0;1;1;0;0;1;0;6;4;4;6;6;5;5;5;5;5;20;10;60;10;1;2;3;4;1;5;1.026064472;0.510087719;1.899237299;-0.247233354;-0.175243872;-0.700611317;1
279;1;1;0;1;1;1;1;1;0;0;0;4;4;1;3;6;7;6;7;6;5;40;20;10;30;1;2;3;4;1;6;0.224818311;1.47739677;-0.499762364;1.284902562;0.898037555;-0.700611317;2
280;0;0;0;0;0;0;0;0;0;0;1;2;2;1;2;1;5;4;5;3;4;20;30;20;30;1;2;3;4;1;1;-1.506123458;-0.087169181;-0.157228183;-0.221344082;1.896657772;-0.700611317;1
281;1;0;0;1;1;1;1;0;0;1;0;6;6;5;3;6;7;7;5;6;2;20;0;30;50;2;1;3;2;1;6;1.072934105;1.112196627;-0.337078982;-0.32202326;-1.205183937;-1.205540074;4
282;1;0;0;0;0;0;0;0;0;0;1;3;3;3;6;6;4;5;6;6;6;10;10;50;30;1;2;3;2;1;1;0.288805737;0.78136076;0.952346249;-1.037751629;-0.190903796;-1.014315261;1
283;0;1;0;1;1;1;0;0;1;0;0;5;5;2;6;5;5;5;5;5;5;30;5;35;30;2;2;3;3;2;5;0.619651268;0.510087719;0.4221506;0.48115186;-0.672149678;-0.63209744;2
284;0;0;0;1;1;1;1;0;0;1;0;6;6;4;6;6;6;4;2;4;3;20;30;30;20;2;2;3;2;1;6;1.253362871;-0.323520507;0.495681622;-0.208975029;1.895455621;-1.014315261;4
285;1;0;0;1;1;0;1;1;0;1;0;5;6;5;6;6;5;6;6;5;2;25;5;25;45;2;2;3;2;1;6;1.127524108;0.642327735;-0.377749827;0.079708195;-0.679378564;-1.014315261;4
286;0;0;0;1;1;0;1;0;0;1;0;3;3;4;4;3;4;4;4;4;4;20;5;25;50;2;2;1;2;2;5;-0.439933453;-0.213593357;-0.52474045;-0.309366415;-0.687809602;-0.155325252;4
287;0;0;0;0;0;0;0;0;0;0;1;2;2;1;4;2;2;3;2;2;3;50;5;30;15;1;3;3;4;2;1;-1.135168367;-1.430247098;0.683658189;2.031265775;-0.637824452;-0.284020656;1
288;1;0;0;1;1;0;0;0;0;1;0;2;5;1;4;5;2;3;3;3;4;30;10;20;40;1;2;3;2;1;4;-0.165259652;-1.015089022;-0.418420673;0.481439651;-0.153573191;-1.014315261;1
290;1;0;1;1;1;0;1;0;0;1;0;5;5;5;4;5;4;5;6;4;5;10;10;20;60;2;3;3;3;2;6;0.642919818;0.348741827;-1.006383164;-1.074858791;-0.187297342;-0.440872628;4
291;0;0;0;0;0;0;1;0;0;0;0;2;6;6;6;4;2;3;3;3;3;15;20;25;40;2;8;1;3;4;2;0.207653784;-1.081159468;-0.255350771;-0.64191691;0.854079139;1.599607291;3
292;1;0;0;1;1;1;0;0;0;1;0;5;5;4;4;5;5;5;5;5;5;10;10;30;50;2;2;1;4;5;5;0.581396506;0.510087719;-0.35347336;-1.062489737;-0.188499493;0.834476238;4
293;0;0;0;0;1;0;0;0;0;0;0;5;6;1;2;3;5;3;3;3;3;50;0;50;0;2;5;1;4;2;2;-0.070133025;-0.649504365;1.850684363;2.037162511;-1.157002014;0.73205313;3
294;1;0;1;1;1;0;0;1;0;1;0;4;7;3;6;6;7;4;6;5;5;20;5;15;60;2;2;3;2;3;6;0.93076461;0.799033207;-1.177650255;-0.321735469;-0.686607451;-0.563583564;4
295;1;0;1;1;0;0;1;0;0;1;0;5;6;4;5;6;5;5;2;5;6;20;20;30;30;1;2;3;3;3;5;0.985350104;0.078718005;0.218094754;-0.246657772;0.861909101;-0.406731592;1
296;1;0;0;1;0;0;0;0;0;0;0;3;3;5;3;3;5;2;5;5;1;10;5;10;75;2;8;1;4;7;2;-0.459060834;-0.248107962;-1.798086402;-1.106069217;-0.70286845;2.43255681;3
297;1;1;1;1;1;1;1;1;1;1;0;6;6;6;6;3;2;6;6;3;4;30;0;10;60;2;3;1;4;5;9;0.747448378;-0.023734964;-1.348917345;0.431387853;-1.185917559;1.025701051;2
298;1;1;0;0;1;0;1;0;0;1;0;3;3;3;5;3;5;6;4;6;5;25;15;20;40;1;1;3;1;2;4;-0.420806072;0.692186543;-0.426617862;0.111206412;0.354769031;-1.137026198;2
299;0;0;0;0;0;0;0;0;0;0;1;1;1;7;1;1;4;4;4;4;4;10;10;60;20;1;8;1;4;5;1;-1.518645556;-0.213593357;1.605256053;-1.025382575;-0.192105947;1.981825112;3
300;1;0;0;1;1;0;1;0;0;0;0;2;2;3;3;2;6;5;6;6;5;20;10;10;60;1;2;3;2;2;4;-1.092772437;1.003060383;-1.365311723;-0.309078624;-0.169233115;-0.788949413;1
301;1;1;1;1;1;1;1;1;1;1;0;6;7;5;7;7;5;5;5;5;5;25;15;20;40;2;2;3;2;3;9;1.71883978;0.510087719;-0.426617862;0.111206412;0.354769031;-0.563583564;2
302;0;1;0;1;0;0;0;0;0;0;0;4;6;5;6;6;3;2;3;4;4;80;10;5;5;2;3;3;2;2;2;0.940162033;-0.85256771;0.072120849;4.353632175;-0.067459588;-0.5977246;2
303;0;1;0;1;0;0;0;0;0;1;0;2;2;2;2;2;4;5;5;5;5;20;5;10;65;1;3;1;3;1;3;-1.234946441;0.366202684;-1.504105157;-0.327919996;-0.686006375;-0.032614316;2
304;1;0;0;0;1;0;0;0;0;0;0;4;4;5;4;5;5;3;4;4;2;20;15;45;20;2;3;3;3;2;2;0.341908544;-0.366487181;1.058666026;-0.246945563;0.343332615;-0.440872628;4
305;0;0;0;1;1;0;0;0;0;1;0;2;1;1;2;1;5;5;5;5;5;20;10;50;20;1;3;3;3;3;4;-1.619772657;0.510087719;1.246327494;-0.259602408;-0.174041721;-0.215506779;1
306;0;1;0;0;1;0;0;0;0;0;0;5;4;2;3;5;4;4;4;4;4;20;10;35;35;2;3;3;2;2;2;0.264049991;-0.213593357;0.266962788;-0.278155989;-0.172238494;-0.5977246;2
307;0;0;0;0;0;0;0;0;0;0;0;1;1;1;1;1;1;1;1;1;1;20;30;20;30;2;4;3;4;2;1;-1.887785425;-2.384636586;-0.157228183;-0.221344082;1.896657772;-0.092795843;3
308;0;1;0;1;1;0;1;0;0;0;0;2;3;2;2;2;5;5;5;5;6;30;10;30;30;1;3;1;4;5;4;-1.121297241;0.576158164;0.234489131;0.493808705;-0.154775343;1.025701051;2
309;1;0;0;1;1;0;0;0;0;0;0;2;2;2;4;2;7;6;6;6;4;20;20;40;20;1;2;3;2;2;3;-1.073645056;1.245512938;0.871004558;-0.234288718;0.86070695;-0.788949413;1
310;1;0;0;1;1;0;0;1;0;0;0;3;3;2;5;3;5;5;5;5;5;10;20;30;40;2;8;2;4;7;4;-0.482329383;0.510087719;-0.075886492;-1.024806993;0.845047026;2.11574473;3
311;0;0;0;1;1;0;0;0;0;1;0;4;4;3;5;4;3;3;3;3;3;10;10;40;40;2;2;3;3;2;4;0.089858908;-0.937274433;0.299436445;-1.050120683;-0.189701645;-0.63209744;4
312;0;0;0;0;0;0;1;0;0;1;0;4;6;4;6;6;4;4;4;4;4;35;5;15;45;2;3;3;4;2;3;0.878638722;-0.213593357;-0.736678386;0.845488362;-0.661314338;-0.284020656;4
313;1;0;0;1;1;0;1;0;0;1;0;5;6;1;2;5;5;5;5;5;5;15;0;50;35;2;3;3;4;2;5;0.349174386;0.510087719;0.821750004;-0.686359763;-1.216019278;-0.284020656;4
314;0;0;0;0;0;1;1;0;0;0;0;1;2;1;2;2;1;1;1;1;1;30;5;35;30;2;2;1;4;2;3;-1.483831827;-2.384636586;0.4221506;0.48115186;-0.672149678;0.158378692;4
315;0;1;1;1;1;1;1;0;0;0;0;2;4;1;5;5;4;4;4;4;4;10;10;40;40;1;3;1;4;2;6;-0.198258159;-0.213593357;0.299436445;-1.050120683;-0.189701645;0.349603505;2
316;1;1;0;1;1;1;1;1;0;0;0;6;6;6;6;6;3;3;3;3;3;10;25;40;25;2;3;1;4;5;6;1.376409494;-0.937274433;0.715816746;-0.993596568;1.360618135;1.025701051;2
317;0;1;0;1;0;0;1;0;0;0;0;6;6;3;4;6;6;6;5;4;6;20;10;10;60;2;4;1;3;6;3;1.030538175;0.701406921;-1.365311723;-0.309078624;-0.169233115;1.285439739;3
318;0;0;0;0;0;0;0;0;0;0;1;2;2;1;6;2;2;2;6;2;3;30;40;20;10;2;8;1;4;7;1;-0.973866982;-0.931631519;0.414339931;0.594487882;2.947066367;2.43255681;3
319;1;0;0;1;1;1;1;0;0;1;0;6;7;4;6;6;6;5;6;6;5;15;0;60;25;2;3;3;4;2;6;1.367012071;1.003060383;1.474659808;-0.673990709;-1.217221429;-0.284020656;4
320;0;1;0;1;1;1;1;1;0;1;0;3;4;4;5;4;4;5;5;4;6;20;0;50;30;2;4;2;4;3;7;-0.035979855;0.248998886;0.968740627;-0.297285152;-1.20758824;0.449382086;2
321;0;0;0;0;0;1;0;0;0;0;0;2;2;1;5;2;2;2;2;2;2;80;10;5;5;1;3;1;4;1;2;-1.054517675;-1.66095551;0.072120849;4.353632175;-0.067459588;0.124237656;1
322;1;0;0;0;1;0;0;0;0;0;0;7;7;7;7;7;5;4;5;5;4;32;5;35;28;2;3;1;4;1;2;2.029248478;0.279379307;0.480946849;0.636781704;-0.668777263;0.124237656;4
323;0;0;0;0;0;0;0;0;0;0;1;2;4;3;4;4;4;4;4;4;4;70;10;10;10;2;4;2;4;2;1;-0.365515934;-0.213593357;0.104594505;3.581667481;-0.084922739;0.224016237;3
325;0;1;0;0;0;1;1;0;1;1;0;6;6;6;6;6;2;2;2;2;2;40;20;20;20;2;2;2;3;1;5;1.376409494;-1.66095551;0.153147441;1.297271616;0.896835404;-0.540651209;2
326;0;0;0;1;0;0;0;0;0;0;0;2;2;1;3;2;2;2;3;3;3;20;10;30;40;1;4;1;4;5;2;-1.21581906;-1.245797434;-0.059492114;-0.284340516;-0.171637418;1.216925863;3
327;1;0;0;1;1;1;1;0;1;1;0;5;4;2;5;5;3;3;2;2;1;0;10;10;80;2;4;4;4;7;7;0.425351377;-1.418502955;-1.953274214;-1.865377066;-0.202957266;0.71722132;4
328;1;0;0;1;1;0;1;0;1;0;0;5;3;2;5;2;5;5;5;3;4;20;10;40;30;2;2;3;3;2;5;-0.31725894;0.077468785;0.59341769;-0.271971462;-0.172839569;-0.63209744;4
329;1;0;0;1;1;0;0;0;0;0;0;3;2;2;4;6;5;4;5;5;4;35;10;25;30;2;3;1;4;4;3;-0.047668159;0.279379307;0.055024852;0.876698788;-0.145743229;0.800335202;4
330;0;0;1;1;0;0;0;0;0;0;0;2;5;2;2;2;2;2;2;2;2;25;10;25;40;2;4;1;4;2;3;-0.893998843;-1.66095551;-0.238956394;0.098549567;-0.162605305;0.540828317;4
331;1;0;0;1;1;1;1;0;0;1;0;4;3;2;4;5;7;7;7;7;7;20;5;25;50;2;2;1;4;2;6;0.04368941;1.957449871;-0.52474045;-0.309366415;-0.687809602;0.158378692;4
333;0;1;0;0;0;0;1;0;0;0;0;4;4;4;4;4;7;7;6;6;7;50;10;30;10;1;8;1;2;4;2;0.070731527;1.608362241;0.822451623;2.050107147;-0.121051192;1.442755319;3
334;0;1;0;1;1;0;1;0;0;0;0;3;5;5;6;3;7;6;7;7;6;25;10;25;40;2;3;1;4;2;4;0.010189642;1.726741459;-0.238956394;0.098549567;-0.162605305;0.349603505;2
335;1;1;0;1;1;0;0;0;0;1;0;3;3;2;4;5;5;5;5;5;5;20;5;25;50;2;2;3;2;2;4;-0.143672665;0.510087719;-0.52474045;-0.309366415;-0.687809602;-0.788949413;2
336;1;1;0;0;1;1;0;0;0;0;0;6;4;5;7;7;7;6;5;4;5;14;8;18;60;2;3;3;4;2;3;1.377892182;0.779221509;-1.07489;-0.773609462;-0.387021385;-0.284020656;2
337;0;1;0;0;0;1;1;0;0;1;0;5;4;1;4;3;4;5;5;5;4;30;20;20;30;1;3;3;4;2;4;-0.136130039;0.300132239;-0.140833805;0.519122395;0.879973328;-0.284020656;2
338;1;0;0;1;0;1;1;0;0;1;0;2;6;2;6;6;2;3;3;3;6;50;30;5;15;2;3;1;4;2;5;0.380867949;-0.882948131;-0.254649152;2.09455;1.949047225;0.349603505;4
339;1;1;0;0;1;0;1;0;0;1;0;4;6;5;6;6;6;6;4;4;4;50;2;40;8;1;3;1;4;2;4;0.940162033;0.403452644;1.253291933;2.032330006;-0.949090559;0.349603505;2
340;1;0;0;1;1;1;1;0;0;1;0;3;3;1;3;1;5;5;5;5;5;20;30;30;20;1;3;3;3;2;6;-1.124461491;0.510087719;0.495681622;-0.208975029;1.895455621;-0.440872628;1
341;1;0;0;1;1;0;1;0;1;1;0;5;7;4;5;6;4;3;4;4;3;30;10;40;20;2;4;4;4;3;6;1.098999303;-0.444301769;0.887398936;0.506177759;-0.155977494;-0.184242075;4
342;1;0;0;1;1;1;1;0;0;0;0;2;5;2;4;5;5;5;5;4;5;10;10;70;10;1;2;3;3;2;5;-0.103736341;0.326813475;2.258165857;-1.013013521;-0.193308099;-0.63209744;1
343;0;1;1;1;1;1;1;0;1;1;0;6;6;4;6;6;5;4;4;5;4;50;1;10;39;2;3;1;3;7;8;1.253362871;0.113565921;-0.733196167;1.99145457;-1.048838757;1.319580776;2
344;1;0;0;1;1;0;1;0;0;0;0;2;5;2;6;3;7;5;6;6;5;10;5;25;60;2;3;1;4;7;4;-0.361742367;1.146945417;-0.818721696;-1.087515636;-0.704671677;1.476432748;3
345;0;1;1;1;1;0;0;1;1;0;0;5;6;4;5;6;4;4;4;4;4;35;10;20;35;2;3;3;3;2;6;0.985350104;-0.213593357;-0.27143005;0.870514261;-0.145142154;-0.440872628;2
346;0;0;0;0;0;1;1;0;0;1;0;3;4;2;4;6;4;4;2;3;3;40;10;10;40;2;3;1;4;6;4;0.17963024;-0.794564819;-0.777349232;1.247219818;-0.135508965;1.251066899;3
347;0;0;0;0;0;0;0;0;0;0;1;1;2;1;2;1;1;1;1;1;1;25;25;25;25;1;8;1;1;3;1;-1.693485533;-2.384636586;0.177423908;0.155073683;1.387714475;1.060537498;3
348;0;1;0;0;1;0;0;0;0;0;0;2;1;1;2;2;5;5;7;6;5;30;5;5;60;1;2;3;2;1;2;-1.410118952;1.024988735;-1.536578813;0.444044698;-0.668543224;-1.014315261;2
349;0;1;0;1;1;0;0;0;0;0;0;4;6;3;4;4;5;6;6;6;6;20;10;30;40;2;2;3;3;2;3;0.236506614;1.089883761;-0.059492114;-0.284340516;-0.171637418;-0.63209744;2
350;0;1;0;1;1;0;0;1;0;1;0;1;2;3;4;2;7;1;7;7;1;10;0;30;60;2;3;3;3;1;5;-1.199483819;0.5731994;-0.631060228;-1.100172481;-1.222046013;-0.666238477;2
351;0;1;0;1;0;1;1;0;0;0;0;1;7;1;1;7;2;4;3;2;4;20;20;30;30;2;8;2;4;7;4;0.052032005;-1.0337253;0.218094754;-0.246657772;0.861909101;2.11574473;3
352;0;1;0;0;0;1;1;0;0;0;0;1;3;2;4;2;4;5;5;4;4;30;20;29;21;2;2;3;3;1;3;-1.147357931;0.116857995;0.446785019;0.530254543;0.878891392;-0.857463289;2
353;1;0;0;0;0;0;0;0;0;0;1;3;3;2;4;4;3;3;4;4;3;30;5;35;30;2;3;3;4;1;1;-0.35332637;-0.588186803;0.4221506;0.48115186;-0.672149678;-0.509386504;4
354;0;0;0;1;1;1;0;0;0;1;0;4;2;2;5;5;6;5;6;5;6;20;10;30;40;2;2;3;4;2;5;0.010690903;0.885856585;-0.059492114;-0.284340516;-0.171637418;-0.475245468;4
355;0;0;0;0;0;0;0;0;0;0;1;2;1;1;1;1;5;2;4;6;3;40;20;0;40;1;3;1;3;2;1;-1.70042335;-0.098506214;-1.152672168;1.272533508;0.899239706;0.192751532;1
356;0;1;0;0;0;0;0;0;0;0;1;2;3;2;4;2;4;4;3;3;5;30;10;30;30;2;2;3;2;2;1;-0.959995856;-0.496610542;0.234489131;0.493808705;-0.154775343;-0.788949413;2
357;1;0;0;1;1;0;1;0;0;0;0;3;2;1;4;3;3;3;6;5;3;20;30;20;30;1;2;3;2;2;4;-0.738152587;-0.073285787;-0.157228183;-0.221344082;1.896657772;-0.788949413;1
358;1;1;0;0;1;0;0;0;0;0;0;5;4;5;4;5;5;5;5;3;5;30;10;40;20;1;2;1;3;2;2;0.529270619;0.143539231;0.887398936;0.506177759;-0.155977494;0.00152672;2
359;0;0;0;1;0;0;0;0;0;0;0;1;1;1;4;1;2;2;2;2;1;20;0;40;40;1;3;1;3;2;2;-1.645833347;-1.727025955;0.315830822;-0.309654206;-1.206386089;0.192751532;1
360;1;0;0;0;1;0;0;0;0;0;0;6;7;6;7;7;7;7;7;7;7;3;2;50;45;2;8;1;4;2;2;1.780363092;1.957449871;0.524489883;-1.612602279;-1.029544464;1.305727567;3
361;0;0;0;1;0;0;1;0;0;1;0;4;3;2;4;3;4;4;3;5;4;30;20;10;40;1;2;3;3;2;4;-0.375618001;-0.1961325;-0.793743609;0.506753341;0.881175479;-0.63209744;1
362;0;0;0;0;1;1;1;0;0;0;0;2;2;2;5;2;3;3;3;3;3;30;10;50;10;1;3;1;4;2;4;-0.992994363;-0.937274433;1.54030874;0.518546813;-0.157179645;0.349603505;1
363;1;0;0;1;1;1;1;0;0;0;0;7;1;7;2;2;5;5;6;6;5;40;10;20;30;1;2;3;4;1;5;-0.104168709;0.859175349;-0.124439427;1.259588872;-0.136711116;-0.700611317;1
364;1;0;1;1;1;0;0;0;0;0;0;2;3;4;5;5;5;5;5;5;5;30;10;20;40;2;3;3;4;2;4;-0.127337424;0.510087719;-0.418420673;0.481439651;-0.153573191;-0.284020656;4
365;1;0;0;1;1;0;1;0;0;0;0;4;5;3;6;4;5;3;5;5;3;30;0;40;30;2;8;1;4;6;4;0.2841588;0.048670895;0.609812068;0.468495015;-1.189524013;2.207190961;3
366;0;0;0;1;1;0;1;0;0;1;0;3;2;2;5;5;3;4;5;4;5;30;0;50;20;1;2;3;3;2;5;-0.176671172;-0.12559456;1.262721872;0.480864069;-1.190726165;-0.63209744;1
367;0;0;0;1;1;0;0;0;0;0;0;2;2;2;2;2;2;4;3;3;3;15;0;80;5;1;3;1;4;1;3;-1.234946441;-0.916521501;2.780479417;-0.649252601;-1.219625732;0.124237656;1
368;1;0;0;1;1;1;1;0;0;0;0;6;6;5;6;6;6;6;6;6;6;20;5;45;30;1;3;3;4;2;5;1.314886183;1.233768795;0.781079158;-0.284628307;-0.690213905;-0.284020656;1
369;0;0;0;1;0;0;1;0;0;0;0;2;2;2;4;2;3;3;3;3;3;0;0;100;0;1;3;1;4;2;3;-1.073645056;-0.937274433;3.645327157;-1.791738324;-1.247323147;0.349603505;1
370;1;0;0;1;0;0;0;0;0;1;0;4;4;2;4;3;4;5;5;4;3;20;10;20;50;1;4;2;4;4;3;-0.261968802;0.05078755;-0.712401918;-0.29670957;-0.170435267;0.674747934;1
371;0;0;0;0;1;0;0;0;0;0;0;2;2;2;2;2;3;3;3;3;4;30;30;10;30;1;2;3;4;2;2;-1.234946441;-0.871203988;-0.516156741;0.544436085;1.914721999;-0.475245468;1
372;1;0;0;1;1;1;1;1;1;1;0;6;5;2;5;7;2;3;5;5;4;10;10;20;60;2;3;3;3;3;8;1.145670062;-0.316913762;-1.006383164;-1.074858791;-0.187297342;-0.215506779;4
374;0;0;0;0;0;0;1;0;0;0;0;2;2;1;2;2;1;2;1;1;1;30;20;20;30;1;3;3;4;2;2;-1.296469752;-2.219998619;-0.140833805;0.519122395;0.879973328;-0.284020656;1
375;1;1;0;1;1;0;1;0;0;1;0;5;6;4;5;6;6;5;6;5;3;10;5;25;60;2;2;3;2;2;5;0.985350104;0.687645248;-0.818721696;-1.087515636;-0.704671677;-0.788949413;2
376;0;0;0;0;1;0;1;0;0;0;0;1;1;1;7;1;1;1;1;1;1;40;10;20;30;1;2;3;4;2;3;-1.403881269;-2.384636586;-0.124439427;1.259588872;-0.136711116;-0.475245468;1
377;1;0;1;1;1;1;1;1;0;1;0;4;2;3;6;4;4;5;4;4;6;20;5;15;60;2;2;3;2;1;8;-0.056788798;0.0831855;-1.177650255;-0.321735469;-0.686607451;-1.014315261;4
378;1;1;1;1;1;0;1;1;1;0;0;6;6;4;6;6;5;5;5;5;5;0;0;50;50;2;3;1;4;2;7;1.253362871;0.510087719;0.380778135;-1.853583594;-1.241312391;0.349603505;2
379;0;0;0;0;1;0;0;0;0;0;0;2;2;1;2;2;1;2;2;2;1;20;0;35;45;2;3;3;3;2;2;-1.296469752;-1.870910989;-0.01062408;-0.315838733;-1.205785013;-0.440872628;4
380;0;1;0;0;1;0;1;0;0;0;0;6;6;4;3;6;3;4;4;3;4;30;20;25;25;2;3;1;4;3;3;1.011410794;-0.540752635;0.185621097;0.525306922;0.879372253;0.574969353;2
381;0;1;0;0;0;0;0;0;0;1;0;2;2;2;2;2;6;5;6;6;4;25;20;30;25;2;3;3;4;2;2;-1.234946441;0.936989937;0.365085377;0.142416838;0.870340139;-0.284020656;2
382;1;1;0;1;1;0;0;0;0;0;0;3;1;2;4;2;7;5;7;7;7;15;15;35;35;1;2;3;3;2;3;-0.99993218;1.628173938;0.258765599;-0.648389228;0.336103728;-0.63209744;2
383;0;0;0;0;0;0;0;0;0;0;1;1;3;4;2;1;3;3;3;3;4;30;5;35;30;2;3;1;4;3;1;-1.395266399;-0.871203988;0.4221506;0.48115186;-0.672149678;0.574969353;3
384;0;1;0;0;0;0;1;0;0;1;0;4;4;2;4;4;6;6;6;6;4;30;10;20;40;1;3;3;4;2;3;-0.052315096;1.101627904;-0.418420673;0.481439651;-0.153573191;-0.284020656;2
385;0;1;0;1;1;0;1;0;0;0;0;5;4;5;4;3;6;6;6;6;4;25;25;25;25;1;2;3;3;2;4;0.109963207;1.101627904;0.177423908;0.155073683;1.387714475;-0.63209744;2
386;0;1;0;0;0;0;1;0;0;1;0;7;7;5;6;6;6;6;6;6;6;25;0;50;25;2;2;3;3;2;3;1.615897457;1.233768795;1.115731249;0.091789458;-1.199157202;-0.63209744;2
387;0;1;0;1;1;1;0;0;0;1;0;5;5;2;5;5;3;5;3;3;2;15;15;35;35;2;2;1;3;3;5;0.539000576;-0.674068946;0.258765599;-0.648389228;0.336103728;0.226892569;2
388;0;0;0;1;1;1;1;0;0;0;0;2;2;1;3;2;2;2;2;2;2;20;5;45;30;1;3;1;4;2;5;-1.21581906;-1.66095551;0.781079158;-0.284628307;-0.690213905;0.349603505;1
389;1;1;0;1;0;1;0;1;1;0;0;6;7;7;7;6;5;6;6;7;7;20;0;30;50;2;3;3;3;2;5;1.632232698;1.33922845;-0.337078982;-0.32202326;-1.205183937;-0.440872628;2
390;0;1;1;1;1;1;1;1;1;1;0;7;7;6;7;7;5;5;2;5;5;20;0;30;50;2;2;3;3;2;9;1.967725166;0.01264756;-0.337078982;-0.32202326;-1.205183937;-0.63209744;2
391;1;0;1;0;0;0;0;0;0;0;0;2;4;4;2;6;1;3;1;4;1;40;5;5;50;2;8;5;3;3;2;-0.045986597;-1.505537921;-1.242597568;1.222193919;-0.651681149;0.106993122;4
392;0;1;0;1;1;0;0;0;0;1;0;5;5;2;5;5;5;5;2;6;4;20;20;10;50;1;2;3;2;3;4;0.539000576;0.129851358;-1.087724855;-0.27139588;0.864313404;-0.563583564;2
393;1;0;1;0;0;0;0;0;0;0;0;4;4;2;3;4;3;5;4;4;5;30;30;10;30;1;8;5;4;6;2;-0.132965789;-0.12676998;-0.516156741;0.544436085;1.914721999;0.93994264;3
394;0;1;0;1;1;1;1;0;0;1;0;3;2;2;4;3;4;5;4;6;5;15;25;30;30;1;2;3;3;2;6;-0.676629275;0.383663542;0.209897565;-0.616891011;1.370251324;-0.63209744;2
395;1;0;0;1;1;1;1;1;0;1;0;1;3;1;4;5;6;6;5;5;4;20;0;35;45;1;3;3;3;2;7;-0.579920126;0.752540274;-0.01062408;-0.315838733;-1.205785013;-0.440872628;1
396;1;0;0;0;0;0;0;0;0;0;1;3;3;2;4;3;5;4;5;4;4;20;10;30;40;2;3;3;3;3;1;-0.562980076;0.096105063;-0.059492114;-0.284340516;-0.171637418;-0.215506779;4
397;0;1;0;1;1;1;1;0;0;1;0;6;6;2;6;6;2;6;6;2;6;20;10;30;40;2;3;1;4;2;6;1.130316248;-0.074868317;-0.059492114;-0.284340516;-0.171637418;0.349603505;2
398;0;1;0;1;0;1;1;0;0;1;0;2;5;3;5;4;6;6;6;7;5;35;10;50;5;2;2;1;3;1;5;-0.171216042;1.350972593;1.687299363;0.907621423;-0.148748608;-0.223839129;2
399;0;1;0;1;1;1;1;0;0;0;0;3;5;1;5;5;5;5;5;5;3;20;10;10;60;1;3;3;3;2;5;0.102753115;0.377946828;-1.365311723;-0.309078624;-0.169233115;-0.440872628;2
400;0;1;0;0;1;0;0;0;0;0;0;3;3;2;6;2;2;2;4;4;4;20;10;40;30;1;2;3;4;2;2;-0.611332396;-0.830639358;0.59341769;-0.271971462;-0.172839569;-0.475245468;2
401;0;1;0;0;0;1;1;0;0;0;0;2;2;2;6;2;4;4;4;4;4;40;30;30;0;1;3;3;3;1;3;-0.912343671;-0.213593357;1.083644113;1.347323414;1.929179772;-0.666238477;2
402;0;0;1;1;1;0;1;0;0;1;0;4;3;4;4;6;4;2;2;4;2;25;20;5;50;2;3;2;4;6;6;0.376389738;-1.006636954;-1.267189134;0.111494203;0.873345517;0.934254819;4
403;0;0;0;1;1;1;1;0;0;1;0;6;6;2;7;7;3;6;3;3;4;30;10;30;30;1;3;1;4;5;6;1.420620646;-0.377290089;0.234489131;0.493808705;-0.154775343;1.025701051;3
404;0;0;0;0;1;0;1;0;0;1;0;3;2;1;4;3;4;5;5;4;5;20;20;10;50;1;2;3;2;2;4;-0.738152587;0.182928441;-1.087724855;-0.27139588;0.864313404;-0.788949413;1
405;0;1;0;1;0;0;1;0;0;1;0;2;2;2;2;2;5;5;5;5;4;25;15;25;35;1;2;3;4;1;4;-1.234946441;0.444017273;-0.10016296;0.117390939;0.354167955;-0.700611317;2
406;1;0;1;1;0;1;1;0;0;1;0;5;5;5;5;5;3;3;3;3;3;10;20;50;20;2;4;2;3;3;6;0.72357051;-0.937274433;1.229933117;-1.000068885;0.842642724;0.292530113;4
407;1;0;0;1;0;1;1;0;0;0;0;3;2;1;4;3;3;3;3;3;4;15;5;50;30;1;2;3;2;2;4;-0.738152587;-0.871203988;0.960543438;-0.667518391;-0.699246018;-0.788949413;1
408;0;0;0;1;0;1;1;0;0;0;0;6;5;2;5;6;6;4;6;6;4;15;25;20;40;1;3;2;4;4;4;0.936016356;0.772351971;-0.443012239;-0.629260065;1.371453475;0.483523122;1
409;0;1;0;0;0;1;1;0;0;1;0;5;6;2;3;5;3;3;1;1;4;15;5;50;30;2;2;3;3;1;4;0.49134839;-1.569379248;0.960543438;-0.667518391;-0.699246018;-0.857463289;2
410;1;0;0;1;1;1;1;0;0;1;0;4;5;3;4;6;5;4;5;5;4;15;10;60;15;1;2;3;4;2;6;0.542164826;0.279379307;1.752246676;-0.636307965;-0.18367491;-0.475245468;1
411;1;1;0;0;1;0;1;0;0;0;0;3;2;2;3;2;5;5;5;4;5;20;20;30;30;1;3;3;3;2;3;-0.966933674;0.326813475;0.218094754;-0.246657772;0.861909101;-0.440872628;2
412;1;0;1;0;1;0;0;0;0;0;0;2;3;4;3;5;2;4;2;2;5;50;25;0;25;2;4;1;2;7;3;-0.288638809;-1.13346824;-0.719897488;2.069524101;1.432875041;1.353953615;3
413;1;0;0;0;0;0;0;0;0;1;0;6;2;5;5;2;7;7;7;7;1;15;5;40;40;1;2;3;2;2;2;-0.05897613;1.561027198;0.307633633;-0.679887445;-0.698043867;-0.788949413;1
414;1;1;0;1;1;1;0;0;0;1;0;6;2;1;6;6;6;5;5;6;7;20;10;30;40;1;2;3;4;1;5;0.614196139;0.969387888;-0.059492114;-0.284340516;-0.171637418;-0.700611317;2
415;0;1;0;1;1;0;0;0;1;1;0;2;2;3;5;3;4;4;5;4;5;30;10;30;30;2;3;3;2;2;5;-0.721817346;0.018290474;0.234489131;0.493808705;-0.154775343;-0.5977246;2
417;1;0;0;0;1;1;1;0;0;1;0;4;3;3;4;3;5;5;5;6;4;18;2;35;45;2;2;1;4;2;5;-0.31409469;0.627291517;-0.013902955;-0.463932029;-1.002448124;0.158378692;4
418;1;1;0;1;0;0;0;0;0;1;0;2;2;5;3;3;6;7;6;6;1;25;5;20;50;1;2;3;2;2;3;-0.760072108;1.068054534;-0.70420473;0.073523668;-0.678777489;-0.788949413;2
419;1;0;0;1;1;1;1;0;1;1;0;6;6;2;3;6;6;5;6;6;6;30;5;25;40;2;2;3;3;2;7;0.888364171;1.069130828;-0.230759205;0.468782806;-0.670947527;-0.63209744;4
420;1;1;0;0;0;0;0;0;0;0;1;4;5;2;4;6;6;6;6;5;2;30;20;20;30;2;6;1;4;5;1;0.480641514;0.786212769;-0.140833805;0.519122395;0.879973328;1.599375488;3
421;0;1;0;0;0;0;0;0;0;0;1;4;4;2;4;5;5;4;5;5;4;20;20;10;50;1;2;1;3;2;1;0.157338609;0.279379307;-1.087724855;-0.27139588;0.864313404;0.00152672;2
422;1;1;0;0;0;0;1;0;0;0;0;4;4;3;4;4;4;5;5;4;4;20;10;30;40;2;3;1;4;7;2;0.009208215;0.116857995;-0.059492114;-0.284340516;-0.171637418;1.476432748;3
423;1;0;0;0;1;0;0;1;0;0;0;2;2;2;2;2;5;5;5;5;5;10;10;15;65;1;2;3;2;1;3;-1.234946441;0.510087719;-1.332838066;-1.081043318;-0.186696266;-1.014315261;1
424;1;0;0;0;1;0;0;0;0;0;0;4;4;4;4;3;5;5;5;5;5;40;10;30;20;1;3;3;4;3;2;-0.138922179;0.510087719;0.528470377;1.271957926;-0.137913267;-0.058654807;1
425;0;0;0;1;1;0;0;0;0;1;0;6;6;4;6;7;4;4;4;4;4;20;10;25;45;2;2;3;2;2;4;1.463016577;-0.213593357;-0.385947016;-0.290525043;-0.171036342;-0.788949413;4
426;0;1;0;1;0;0;1;0;1;0;0;3;4;1;2;4;2;2;3;2;6;15;5;30;50;1;4;1;2;3;4;-0.462501868;-1.230860341;-0.345276171;-0.692256499;-0.696841715;0.452490221;2
427;0;0;0;1;1;0;0;0;0;1;0;3;5;4;4;5;4;5;4;4;4;20;10;40;30;2;4;2;3;1;4;0.206672357;-0.048955391;0.59341769;-0.271971462;-0.172839569;-0.158201584;4
428;0;1;1;1;1;1;1;0;0;1;0;2;3;1;4;4;5;5;5;6;5;20;10;30;40;1;3;1;3;2;7;-0.602211757;0.693361962;-0.059492114;-0.284340516;-0.171637418;0.192751532;2
429;1;0;0;0;0;0;0;1;0;0;0;3;4;2;3;3;4;5;4;4;4;20;0;40;40;1;3;1;4;5;2;-0.529981569;-0.048955391;0.315830822;-0.309654206;-1.206386089;1.025701051;3
430;1;0;0;0;1;0;0;1;0;0;0;3;4;2;4;4;5;5;5;5;4;20;20;50;10;1;4;1;4;5;3;-0.239677171;0.444017273;1.523914362;-0.221919664;0.859504799;1.216925863;3
431;0;0;0;1;0;1;1;0;1;1;0;3;5;2;3;3;3;3;3;3;2;15;5;65;15;2;3;3;3;1;6;-0.41633237;-1.003344879;1.939908144;-0.64896481;-0.701049245;-0.666238477;4
432;0;0;0;1;1;0;0;1;1;1;0;6;6;6;6;6;5;5;6;5;5;30;20;35;15;2;2;3;4;2;6;1.376409494;0.675901105;0.838530902;0.537675976;0.878170101;-0.475245468;4
433;1;1;0;1;0;0;1;0;0;1;0;5;6;2;6;6;1;3;3;2;5;15;25;30;30;2;3;1;4;7;4;0.942954173;-1.276177855;0.209897565;-0.616891011;1.370251324;1.476432748;3
434;0;1;0;0;0;0;0;0;0;1;0;4;2;3;5;5;5;6;6;2;6;30;10;15;45;2;3;1;4;4;2;0.072214215;0.356786785;-0.744875575;0.475255124;-0.152972116;0.800335202;2
435;0;0;0;1;0;0;1;0;0;0;0;4;4;3;3;6;3;3;3;4;4;25;15;25;35;2;2;1;4;4;3;0.347864934;-0.687929744;-0.10016296;0.117390939;0.354167955;0.60911039;4
436;1;0;0;0;0;0;0;1;0;0;0;5;5;3;5;6;4;4;5;5;4;28;13;27;32;1;2;2;3;2;2;0.810177593;0.135494273;0.063096001;0.345772968;0.152276844;-0.31528536;1
437;0;1;0;1;1;0;1;0;0;1;0;6;6;5;6;6;5;5;6;5;6;15;5;30;50;2;3;3;3;2;5;1.314886183;0.74197155;-0.345276171;-0.692256499;-0.696841715;-0.440872628;2
438;1;0;0;1;1;0;1;0;0;1;0;7;7;5;7;7;1;1;2;1;1;30;10;50;10;2;4;1;3;2;5;1.906201855;-2.218823199;1.54030874;0.518546813;-0.157179645;0.383976345;4
439;1;1;0;1;1;0;0;0;0;0;0;3;4;3;6;5;5;2;5;4;5;20;10;20;50;2;3;3;4;2;3;0.192801231;-0.167100424;-0.712401918;-0.29670957;-0.170435267;-0.284020656;2
440;0;1;0;0;0;0;0;0;0;1;0;4;2;1;5;4;7;7;7;6;7;20;10;20;50;1;5;3;4;2;2;-0.260486114;1.774175627;-0.712401918;-0.29670957;-0.170435267;0.098428969;2
441;1;1;0;1;1;1;0;0;0;1;0;2;2;1;4;1;5;3;4;5;5;40;0;50;10;1;3;3;4;3;5;-1.344822073;0.0149984;1.556703118;1.25901329;-1.173864089;-0.058654807;2
442;0;0;0;1;1;0;0;0;0;0;0;2;4;2;4;2;4;4;4;4;4;20;20;30;30;2;4;3;4;4;3;-0.846346657;-0.213593357;0.218094754;-0.246657772;0.861909101;0.357935854;4
443;1;0;0;1;0;1;1;0;0;0;0;5;6;4;6;6;5;5;5;5;5;37;3;33;27;2;3;1;4;3;4;1.066000796;0.510087719;0.441838137;1.015845955;-0.866815099;0.574969353;4
444;0;0;0;0;1;0;1;0;0;1;0;4;3;2;5;1;5;5;5;5;4;33;30;17;20;1;2;4;4;2;4;-0.71427472;0.444017273;0.029074495;0.786539189;1.918939116;-0.792057548;1
445;1;0;0;1;1;1;1;0;1;1;0;5;5;3;4;5;5;5;5;5;5;25;25;25;25;2;3;3;3;2;7;0.519873195;0.510087719;0.177423908;0.155073683;1.387714475;-0.440872628;4
446;1;0;0;1;1;0;0;1;0;0;0;4;4;4;4;4;5;5;5;5;5;20;0;20;60;2;3;1;2;7;4;0.070731527;0.510087719;-0.989988786;-0.334392314;-1.203981786;1.162728803;3
447;1;0;0;1;1;1;1;1;0;1;0;6;5;5;3;6;4;4;4;4;4;10;10;50;30;2;3;3;3;2;7;0.959284906;-0.213593357;0.952346249;-1.037751629;-0.190903796;-0.440872628;4
448;0;1;0;0;0;0;0;0;0;1;0;6;6;4;5;4;2;3;2;2;6;20;10;20;50;1;2;3;3;1;2;0.753404768;-1.232035761;-0.712401918;-0.29670957;-0.170435267;-0.857463289;2
449;1;0;0;0;1;0;0;0;0;0;0;7;7;3;6;6;7;7;7;4;7;20;10;20;50;1;2;3;3;2;2;1.492850834;1.407627139;-0.712401918;-0.29670957;-0.170435267;-0.63209744;1
450;0;1;0;1;1;0;0;0;0;1;0;3;2;4;2;5;3;4;4;5;4;10;30;20;40;2;3;3;4;2;4;-0.295576626;-0.174204148;-0.451209428;-0.999493304;1.879795697;-0.284020656;2
451;0;1;0;1;1;1;1;0;1;1;0;6;4;2;5;6;3;5;3;3;5;25;5;50;20;2;6;1;4;7;7;0.822367157;-0.47585761;1.254524683;0.11063083;-0.682383943;2.050107185;3
452;1;0;0;1;1;1;1;0;0;1;0;6;4;5;7;7;6;5;6;6;7;25;10;25;40;1;2;3;3;2;6;1.377892182;1.135201274;-0.238956394;0.098549567;-0.162605305;-0.63209744;1
453;0;0;0;0;0;0;0;0;0;1;0;3;6;1;3;6;1;1;5;1;1;25;15;50;10;1;2;3;3;1;2;0.264754635;-1.721383041;1.532111551;0.148313574;0.351162577;-0.857463289;1
454;0;1;0;1;1;0;0;0;0;0;0;5;5;5;5;5;5;5;4;5;5;20;10;30;40;2;3;1;4;3;3;0.72357051;0.344274332;-0.059492114;-0.284340516;-0.171637418;0.574969353;2
455;0;1;0;1;1;1;0;0;0;1;0;3;2;2;4;3;5;4;6;6;4;10;10;10;70;1;2;3;2;1;5;-0.676629275;0.628466937;-1.659292968;-1.087227845;-0.186095191;-1.014315261;2
456;1;0;0;0;1;0;1;1;0;0;0;4;4;2;5;5;6;7;7;6;7;15;15;20;50;1;2;3;3;2;4;0.237989302;1.630290593;-0.720599107;-0.666942809;0.337906955;-0.63209744;1
457;1;0;0;0;1;0;0;0;0;0;0;5;3;3;2;4;6;6;5;5;1;25;10;25;40;1;3;3;3;1;2;-0.078380295;0.554328937;-0.238956394;0.098549567;-0.162605305;-0.666238477;1
458;0;0;1;0;1;0;0;0;1;1;0;2;2;2;6;2;2;5;2;2;5;20;10;5;65;1;4;1;4;4;5;-0.912343671;-0.968830274;-1.691766625;-0.315263151;-0.16863204;0.991560014;1
459;0;1;0;0;0;0;1;0;0;1;0;4;4;4;6;5;5;6;5;5;2;30;10;20;40;1;2;3;2;2;3;0.441686617;0.476514348;-0.418420673;0.481439651;-0.153573191;-0.788949413;2
460;0;0;0;1;0;0;0;0;0;0;0;2;2;2;2;2;3;2;3;3;3;35;10;20;35;1;3;1;2;2;2;-1.234946441;-1.1019124;-0.27143005;0.870514261;-0.145142154;0.03589956;1
461;0;1;0;1;1;1;1;1;1;1;0;4;7;2;7;6;4;4;4;4;4;30;20;20;30;2;3;3;4;5;8;0.949891991;-0.213593357;-0.140833805;0.519122395;0.879973328;0.39207689;2
462;0;0;0;0;0;1;1;0;0;0;0;2;2;2;2;2;7;7;6;6;4;25;25;40;10;1;3;1;4;2;3;-1.234946441;1.410150904;1.156788615;0.173627264;1.385911248;0.349603505;1
463;1;0;0;0;0;0;0;1;0;0;0;6;2;5;6;6;3;7;3;5;5;5;5;20;70;2;7;1;4;2;2;0.860289385;0.219966811;-1.292167221;-1.482774774;-0.712501639;1.114502754;3
464;0;1;0;1;0;0;0;0;0;0;0;2;3;1;3;3;5;5;3;5;5;25;20;30;25;2;3;1;4;3;2;-0.892516155;0.178460946;0.365085377;0.142416838;0.870340139;0.574969353;2
465;1;0;0;1;0;1;0;0;0;0;0;2;2;1;3;2;4;4;5;5;5;10;10;10;70;1;3;3;3;2;3;-1.21581906;0.201564718;-1.659292968;-1.087227845;-0.186095191;-0.440872628;1
466;0;0;0;0;0;1;1;0;0;0;0;2;2;2;2;2;2;2;2;2;2;15;25;35;25;1;2;1;4;2;3;-1.234946441;-1.66095551;0.536352467;-0.610706484;1.369650248;0.158378692;1
467;1;1;0;0;0;0;0;0;0;0;1;5;5;3;3;3;4;5;4;5;4;40;10;10;40;2;3;4;4;1;1;0.019915091;0.134318853;-0.777349232;1.247219818;-0.135508965;-0.826198584;2
468;1;1;0;1;1;0;0;0;0;0;0;6;5;4;5;6;5;5;5;6;5;60;0;20;20;2;3;3;3;2;3;1.059062979;0.693361962;0.185936196;2.77820457;-1.136533485;-0.440872628;2
469;0;1;0;1;1;0;1;1;0;1;0;4;5;2;5;3;4;5;4;4;4;40;0;20;40;1;2;3;2;2;6;-0.06766891;-0.048955391;-0.402026295;1.221906128;-1.170257635;-0.788949413;2
470;0;0;0;1;1;1;1;0;0;1;0;2;3;2;4;3;2;2;1;2;6;25;5;20;50;1;2;3;2;2;6;-0.750342151;-1.562487114;-0.70420473;0.073523668;-0.678777489;-0.788949413;1
471;0;0;0;1;0;0;1;0;1;0;0;5;4;1;3;5;2;2;2;2;3;25;0;50;25;2;2;3;2;1;4;0.20252668;-1.594885064;1.115731249;0.091789458;-1.199157202;-1.014315261;4
472;1;0;0;1;1;0;0;0;0;0;0;5;5;2;4;5;7;7;7;7;6;15;15;30;40;1;2;3;3;2;3;0.458349883;1.891379425;-0.067689303;-0.654573755;0.336704804;-0.63209744;1
473;1;1;1;0;1;0;1;0;0;1;0;6;6;7;6;6;4;1;4;4;1;20;10;30;40;2;2;1;4;2;5;1.437932806;-0.905718593;-0.059492114;-0.284340516;-0.171637418;0.158378692;2
474;0;1;0;1;1;1;1;0;0;0;0;3;2;2;4;2;7;6;7;7;4;16;6;70;8;1;2;3;3;1;5;-0.886282981;1.594600568;2.323519858;-0.561197086;-0.596609461;-0.857463289;2
475;1;0;1;0;1;0;0;1;1;0;0;2;2;2;4;3;5;5;5;6;6;5;70;20;5;1;3;3;3;3;5;-0.86399135;0.759432408;0.512147421;-1.237836939;6.005550737;-0.215506779;1
476;0;0;0;0;0;1;1;0;0;1;0;2;2;2;4;1;4;2;6;2;3;10;10;70;10;1;3;3;2;7;4;-1.283298761;-0.643861451;2.258165857;-1.013013521;-0.193308099;0.529104643;1
477;1;0;0;0;1;0;0;0;0;0;0;2;2;2;2;2;4;4;4;7;4;10;40;30;20;1;8;2;4;7;2;-1.234946441;0.336229374;0.479287244;-0.949441506;2.912140065;2.11574473;3
478;0;1;1;1;0;0;0;1;0;0;0;3;5;2;6;5;2;6;2;5;6;10;70;10;10;2;2;2;4;7;4;0.244927119;-0.188299131;0.006228239;-0.861131382;6.015183926;0.968395855;2
479;0;1;0;0;1;1;1;0;0;1;0;5;6;4;6;6;6;6;7;6;7;20;5;40;35;2;2;3;3;1;5;1.066000796;1.465652626;0.454624256;-0.290812834;-0.689612829;-0.857463289;2
480;0;0;0;1;0;1;1;0;0;1;0;2;2;2;5;2;4;4;5;4;3;30;5;15;50;1;2;3;2;2;5;-0.992994363;-0.113850417;-0.883669009;0.456413752;-0.669745375;-0.788949413;1
481;0;0;0;0;1;0;1;0;0;0;0;4;2;4;2;5;2;2;4;3;5;50;10;20;20;2;2;3;4;1;3;-0.108214552;-0.947843157;0.169541818;2.037738093;-0.119849041;-0.700611317;4
482;0;1;0;0;1;0;1;0;0;1;0;5;4;4;4;5;4;4;4;4;4;20;10;30;40;2;3;3;4;1;4;0.467747307;-0.213593357;-0.059492114;-0.284340516;-0.171637418;-0.509386504;2
483;0;1;0;0;1;0;1;0;0;1;0;4;6;6;5;6;6;4;4;5;3;30;5;15;50;2;3;4;4;2;4;0.921034652;0.191380509;-0.883669009;0.456413752;-0.669745375;-0.600832736;2
484;0;0;0;0;0;1;1;0;0;0;0;2;2;2;2;2;3;3;3;4;3;30;10;20;40;1;3;1;4;2;3;-1.234946441;-0.75400019;-0.418420673;0.481439651;-0.153573191;0.349603505;1
485;0;0;0;1;1;0;0;0;0;1;0;5;2;2;4;2;6;5;5;5;5;20;0;20;60;2;2;3;3;2;4;-0.511558831;0.653972753;-0.989988786;-0.334392314;-1.203981786;-0.63209744;4
487;0;0;0;1;0;1;1;0;0;0;0;1;3;1;3;1;2;1;2;2;2;20;5;70;5;1;3;3;3;2;4;-1.499185641;-1.825593476;2.413353669;-0.253705672;-0.693219283;-0.440872628;1
489;0;0;0;1;1;0;0;0;0;1;0;4;4;4;4;4;4;4;4;4;4;45;5;10;40;2;2;3;3;3;4;0.070731527;-0.213593357;-0.769152043;1.617453057;-0.643851187;-0.406731592;4
490;0;0;0;1;0;1;1;1;0;0;0;3;3;2;5;3;3;4;3;3;3;20;20;40;20;2;4;1;4;2;5;-0.482329383;-0.772636467;0.871004558;-0.234288718;0.86070695;0.540828317;4
491;1;0;1;1;1;0;0;0;0;1;0;6;6;5;6;6;6;6;6;6;6;15;0;50;35;2;3;3;3;3;5;1.314886183;1.233768795;0.821750004;-0.686359763;-1.216019278;-0.215506779;4
492;0;1;0;0;1;0;0;1;0;1;0;3;5;5;5;5;5;4;5;3;5;30;10;10;50;1;2;3;2;2;4;0.348846361;-0.021098735;-1.071330477;0.469070597;-0.15237104;-0.788949413;2
493;0;0;0;1;0;1;1;0;0;1;0;3;3;2;2;4;5;5;5;5;5;20;10;30;40;2;2;3;3;2;5;-0.514627756;0.510087719;-0.059492114;-0.284340516;-0.171637418;-0.63209744;4
494;1;0;1;1;1;0;0;0;0;0;0;6;7;4;7;7;1;2;2;3;2;1;1;48;50;2;3;3;4;3;4;1.657316469;-1.6215663;0.307352986;-1.774474208;-1.136031101;-0.058654807;4
495;1;0;0;0;0;1;1;0;0;0;0;2;2;1;2;2;4;4;4;4;4;30;10;30;30;1;2;3;4;2;3;-1.296469752;-0.213593357;0.234489131;0.493808705;-0.154775343;-0.475245468;1
496;1;0;0;0;0;0;1;0;0;0;0;2;2;2;4;2;4;5;4;4;5;40;10;30;20;1;2;3;2;1;2;-1.073645056;0.017115054;0.528470377;1.271957926;-0.137913267;-1.014315261;1
497;0;0;0;0;0;0;1;0;0;1;0;4;3;2;4;3;5;4;5;5;5;10;2;85;3;1;2;3;3;2;3;-0.375618001;0.345449752;3.01546107;-1.024606136;-1.021948541;-0.63209744;1
498;0;0;0;1;1;1;1;0;0;1;0;2;3;1;4;5;5;4;5;4;1;20;10;20;50;1;2;3;3;2;6;-0.392558051;-0.102106274;-0.712401918;-0.29670957;-0.170435267;-0.63209744;1
499;0;0;0;0;1;0;1;0;0;0;0;2;2;4;7;3;1;1;1;1;1;20;10;30;40;2;2;1;4;1;3;-0.498992649;-2.384636586;-0.059492114;-0.284340516;-0.171637418;-0.066987156;4
500;0;0;0;0;1;0;1;0;0;0;0;5;2;2;4;5;4;6;6;3;4;20;30;0;50;2;2;2;4;3;3;0.117402285;0.264035104;-1.463047791;-0.24608219;1.899062075;0.066932461;4
501;0;0;0;1;0;0;0;0;0;0;0;2;2;2;6;2;5;3;5;4;3;10;10;40;40;2;2;3;2;2;2;-0.912343671;-0.134603349;0.299436445;-1.050120683;-0.189701645;-0.788949413;4
502;0;1;0;1;1;1;1;0;0;0;0;2;5;1;7;4;7;7;7;7;7;40;20;20;20;2;2;3;2;2;5;-0.13296128;1.957449871;0.153147441;1.297271616;0.896835404;-0.788949413;2
503;1;0;0;1;0;0;0;1;0;0;0;6;6;5;6;6;6;4;3;3;5;5;5;0;90;2;2;3;2;2;3;1.314886183;-0.208840474;-2.597986829;-1.507512882;-0.710097337;-0.788949413;4
504;1;1;0;1;0;0;0;0;0;0;0;5;5;3;3;5;6;6;6;6;3;10;0;20;70;2;3;3;3;4;2;0.439222502;1.035557458;-1.283970032;-1.112541535;-1.220843861;0.009859069;2
505;1;0;0;1;1;1;1;0;0;1;0;3;3;3;4;3;5;5;5;5;5;25;15;35;25;1;2;3;2;1;6;-0.501456765;0.510087719;0.552746845;0.129759993;0.352965804;-1.014315261;1
506;1;0;0;1;0;0;1;0;0;1;0;2;3;2;2;3;5;5;5;4;4;25;15;35;25;1;2;1;3;4;4;-0.911643536;0.260743029;0.552746845;0.129759993;0.352965804;0.452258417;1
507;1;0;0;1;1;0;0;0;0;1;0;3;3;3;4;2;2;2;2;2;2;20;5;30;45;2;3;3;3;2;4;-0.71111047;-1.66095551;-0.198285548;-0.303181888;-0.688410678;-0.440872628;4
508;1;0;1;1;1;0;1;1;1;1;0;5;6;4;7;6;6;6;5;6;5;45;5;15;35;2;3;4;4;7;8;1.146651489;1.001884963;-0.442697141;1.623637584;-0.644452262;0.525996507;4
509;1;0;0;0;1;1;1;0;0;1;0;4;4;1;5;3;4;6;5;2;4;15;5;30;50;1;3;3;4;2;5;-0.242841421;-0.085052526;-0.345276171;-0.692256499;-0.696841715;-0.284020656;1
510;1;1;1;1;1;1;0;1;0;1;0;5;6;2;6;5;7;6;7;6;7;25;0;25;50;2;2;1;2;4;7;0.733300468;1.609537661;-0.516543261;0.060866823;-1.196151824;0.295406445;2
511;1;0;1;1;1;0;1;1;1;1;0;3;6;2;6;6;5;5;6;5;5;30;0;10;60;2;2;3;2;3;8;0.568230024;0.675901105;-1.348917345;0.431387853;-1.185917559;-0.563583564;4
512;1;1;1;1;1;1;1;1;0;1;0;6;7;7;7;6;7;6;5;7;7;30;20;10;40;2;2;3;3;2;8;1.632232698;1.461185132;-0.793743609;0.506753341;0.881175479;-0.63209744;2
513;0;1;0;0;0;1;0;0;0;0;0;5;4;2;6;5;6;4;5;5;3;40;10;35;15;2;2;3;3;1;2;0.506002069;0.357193895;0.854925279;1.278142453;-0.138514343;-0.857463289;2
514;0;0;0;1;0;1;1;0;1;0;0;2;2;1;4;2;2;2;2;2;2;10;0;10;80;2;8;1;3;2;5;-1.135168367;-1.66095551;-1.936879836;-1.124910589;-1.21964171;1.148875594;4
515;0;0;0;1;1;0;1;0;0;1;0;2;5;2;5;5;5;5;6;5;4;25;15;20;40;2;2;3;2;2;5;-0.023085648;0.609830659;-0.426617862;0.111206412;0.354769031;-0.788949413;4
516;0;1;0;1;1;0;1;0;0;0;0;3;4;2;3;3;6;3;4;2;4;40;0;20;40;2;7;1;2;4;4;-0.529981569;-0.457009743;-0.402026295;1.221906128;-1.170257635;1.251530507;2
517;1;0;0;1;0;0;0;0;0;0;0;6;5;5;6;7;6;5;6;6;5;40;20;0;40;2;3;3;2;3;2;1.410890689;1.003060383;-1.152672168;1.272533508;0.899239706;-0.372358752;4
518;0;0;0;1;0;0;1;0;0;0;0;3;4;1;4;3;4;4;4;4;4;15;5;30;50;2;4;1;2;3;3;-0.510854188;-0.213593357;-0.345276171;-0.692256499;-0.696841715;0.452490221;4
519;1;0;0;0;0;0;0;1;0;0;0;4;4;3;6;3;5;5;5;5;5;30;10;25;35;2;4;1;4;3;2;-0.039144105;0.510087719;-0.091965771;0.487624178;-0.154174267;0.766194166;3
520;1;0;0;1;1;1;1;0;0;1;0;4;6;4;6;4;7;6;7;7;4;25;10;25;40;2;2;3;2;1;6;0.459331311;1.594600568;-0.238956394;0.098549567;-0.162605305;-1.014315261;4
521;0;0;0;0;0;0;0;0;0;0;1;2;2;2;4;2;3;3;3;3;3;15;25;10;50;1;3;3;3;2;1;-1.073645056;-0.937274433;-1.095922044;-0.641629119;1.372655626;-0.440872628;1
522;1;0;0;0;0;0;0;0;0;0;1;1;6;1;6;1;5;5;5;5;5;15;5;10;70;1;3;1;3;5;1;-0.916285965;0.510087719;-1.65109578;-0.716994607;-0.694437413;0.868849078;3
523;0;0;0;1;1;1;1;0;0;0;0;2;3;1;4;3;3;2;2;5;3;25;25;25;25;2;3;1;3;7;5;-0.811865462;-0.901177298;0.177423908;0.155073683;1.387714475;1.319580776;3
524;0;1;0;1;1;0;1;0;0;1;0;3;3;3;4;3;5;5;5;4;3;25;5;15;55;2;3;3;3;2;5;-0.501456765;0.194672584;-1.030659632;0.067339141;-0.678176413;-0.440872628;2
525;0;0;0;1;0;1;1;0;0;1;0;6;6;2;6;6;5;5;5;5;5;35;10;20;35;2;2;1;3;4;5;1.130316248;0.510087719;-0.27143005;0.870514261;-0.145142154;0.452258417;4
526;0;0;0;1;1;0;0;0;0;0;0;3;4;3;5;3;2;3;2;2;3;20;10;40;30;2;3;3;3;1;3;-0.307156873;-1.430247098;0.59341769;-0.271971462;-0.172839569;-0.666238477;4
527;1;0;0;1;0;1;1;0;0;1;0;2;2;2;4;2;3;4;3;2;3;30;10;20;40;1;3;1;4;2;5;-1.073645056;-0.955910711;-0.418420673;0.481439651;-0.153573191;0.349603505;1
528;0;0;1;0;0;0;0;1;1;0;0;5;5;6;5;3;5;5;4;5;6;10;10;15;65;2;3;3;3;2;4;0.365786411;0.410344778;-1.332838066;-1.081043318;-0.186696266;-0.440872628;4
529;0;0;0;1;0;1;1;0;0;0;0;1;1;1;1;1;1;1;2;1;1;5;40;30;25;1;8;1;3;2;4;-1.887785425;-2.218823199;0.332296621;-1.338516116;2.903709027;1.148875594;3
530;1;0;0;1;1;0;1;0;0;0;0;3;6;5;6;6;3;2;3;6;4;30;10;40;20;1;3;1;3;3;4;0.752799958;-0.486019223;0.887398936;0.506177759;-0.155977494;0.418117381;1
531;1;0;0;0;0;0;0;0;0;0;1;5;5;4;4;4;4;4;4;4;3;14;1;70;15;2;2;2;3;2;1;0.371742801;-0.279663803;2.125930175;-0.735668302;-1.116755136;-0.31528536;4
532;1;0;0;0;0;0;1;0;0;1;0;1;1;1;2;1;3;3;3;3;3;50;5;30;15;1;2;1;3;7;3;-1.807134732;-0.937274433;0.683658189;2.031265775;-0.637824452;1.128355963;3
533;0;1;0;1;1;1;1;0;0;1;0;2;2;2;4;2;4;2;4;2;4;40;30;10;20;1;4;1;2;5;6;-1.073645056;-0.909417778;-0.222175496;1.322585306;1.931584074;0.903221918;2
534;0;1;0;1;1;0;1;0;0;0;0;2;2;1;1;2;6;7;6;5;7;10;10;40;40;1;3;3;4;2;4;-1.377120445;1.281202963;0.299436445;-1.050120683;-0.189701645;-0.284020656;2
535;1;0;0;1;1;1;1;0;0;0;0;6;6;6;6;6;5;5;6;6;6;20;0;40;40;2;3;1;4;4;5;1.376409494;0.925245794;0.315830822;-0.309654206;-1.206386089;0.800335202;4
536;0;0;0;1;0;1;1;0;0;1;0;5;6;4;6;6;2;3;2;2;3;30;10;30;30;2;3;3;3;1;5;1.066000796;-1.430247098;0.234489131;0.493808705;-0.154775343;-0.666238477;4
537;0;1;0;1;1;0;0;0;0;0;0;4;2;1;3;2;5;4;6;4;5;40;25;5;30;1;7;1;4;7;3;-0.84109491;0.327988895;-0.687423832;1.297559407;1.41541189;2.241331997;3
538;0;0;0;0;0;0;0;0;0;0;1;1;2;1;4;1;1;4;1;4;4;25;25;25;25;2;7;2;4;2;1;-1.532184148;-1.142688619;0.177423908;0.155073683;1.387714475;0.797690674;3
539;0;0;0;1;0;0;0;1;0;1;0;2;3;1;5;3;5;4;5;5;5;30;0;20;50;1;2;3;3;3;4;-0.73121477;0.345449752;-0.696007541;0.443756907;-1.187119711;-0.406731592;1
540;1;0;1;1;1;1;1;0;0;1;0;6;7;3;6;6;6;5;4;5;5;15;15;25;45;2;2;3;4;3;7;1.305488759;0.488159367;-0.394144205;-0.660758282;0.33730588;-0.249879619;4
541;0;0;0;1;0;0;1;0;0;0;0;1;1;1;1;1;4;4;1;1;4;20;40;10;30;2;2;3;2;1;3;-1.887785425;-1.260856248;-0.532551119;-0.196030393;2.931406443;-1.014315261;4
542;1;0;0;1;1;0;0;1;1;1;0;5;6;4;5;6;4;5;5;5;5;30;5;30;35;2;3;3;3;3;6;0.985350104;0.366202684;0.095695697;0.474967333;-0.671548602;-0.215506779;4
543;1;0;0;1;1;0;0;0;0;0;0;4;6;4;4;6;6;6;7;6;5;30;0;0;70;2;2;1;2;4;3;0.717337337;1.333511735;-2.001827149;0.419018799;-1.184715408;0.295406445;4
544;0;0;0;0;0;0;0;0;0;0;1;4;4;3;5;3;5;5;4;4;3;20;0;80;0;2;1;3;3;1;1;-0.119794798;0.028859198;2.927470039;-0.26017799;-1.211194694;-1.048688101;4
545;1;0;0;1;0;0;0;0;0;1;0;2;2;5;4;2;6;4;5;2;5;19;17;31;33;1;2;3;2;2;3;-0.889075121;-0.060487945;0.170711549;-0.334540612;0.550038723;-0.788949413;1
546;1;0;0;1;1;0;0;0;0;0;0;5;6;5;5;6;6;6;6;6;6;30;5;5;60;2;3;1;3;3;3;1.046873415;1.233768795;-1.536578813;0.444044698;-0.668543224;0.418117381;4
547;0;0;0;1;1;1;1;1;0;1;0;5;6;1;6;4;1;1;1;1;1;15;5;30;50;2;3;3;3;2;7;0.462123451;-2.384636586;-0.345276171;-0.692256499;-0.696841715;-0.440872628;4
548;0;1;0;1;0;0;1;0;0;1;0;2;2;2;2;2;4;5;5;4;5;20;30;30;20;1;3;1;4;5;4;-1.234946441;0.182928441;0.495681622;-0.208975029;1.895455621;1.025701051;2
549;1;0;0;1;1;0;0;1;0;0;0;2;2;2;4;2;2;7;7;7;5;20;20;40;20;2;3;3;3;3;4;-1.073645056;1.105883809;0.871004558;-0.234288718;0.86070695;-0.215506779;4
550;1;0;0;0;0;0;0;0;0;1;0;5;5;3;3;4;5;4;4;3;5;90;5;5;0;1;3;3;3;3;2;0.229568797;-0.186912122;0.22730866;5.112940024;-0.567370772;-0.215506779;1
551;0;1;0;1;1;1;1;0;0;1;0;3;2;2;3;3;5;6;5;6;6;30;10;30;30;1;3;4;4;2;6;-0.757279968;0.924070374;0.234489131;0.493808705;-0.154775343;-0.600832736;2
552;1;0;0;1;0;0;0;1;1;0;0;5;5;3;3;5;5;5;5;5;5;50;10;10;30;2;3;1;2;3;4;0.439222502;0.510087719;-0.483367986;2.025369039;-0.118646889;0.261265409;4
553;0;1;0;1;1;0;1;0;0;1;0;7;6;6;6;6;7;6;5;5;5;25;25;25;25;2;5;1;4;4;5;1.563771569;0.962495753;0.177423908;0.155073683;1.387714475;1.182784827;2
554;0;1;0;0;1;0;0;0;0;0;0;4;4;3;5;3;4;4;4;3;4;10;5;10;75;1;5;1;4;2;2;-0.119794798;-0.396867601;-1.798086402;-1.106069217;-0.70286845;0.73205313;2
555;0;0;0;1;1;1;1;0;0;0;0;5;5;2;6;5;6;6;6;6;6;20;10;30;40;2;2;3;3;2;5;0.619651268;1.233768795;-0.059492114;-0.284340516;-0.171637418;-0.63209744;4
556;0;0;0;1;0;0;1;0;0;1;0;2;2;1;3;3;2;2;2;2;4;10;10;40;40;1;1;3;1;1;4;-1.006165354;-1.528814619;0.299436445;-1.050120683;-0.189701645;-1.362392046;1
557;1;0;0;1;1;0;1;0;0;1;0;4;5;4;4;5;5;5;5;5;4;15;5;30;50;2;4;1;2;2;5;0.394034432;0.444017273;-0.345276171;-0.692256499;-0.696841715;0.227124372;4
558;1;0;0;1;1;1;1;0;1;1;0;5;6;2;6;5;7;7;7;7;1;30;10;20;40;2;2;3;4;2;7;0.733300468;1.561027198;-0.418420673;0.481439651;-0.153573191;-0.475245468;4
559;0;0;0;1;1;0;1;0;0;1;0;2;2;1;2;1;4;3;3;3;2;30;20;40;10;1;6;1;4;7;5;-1.506123458;-0.859459845;1.164985804;0.543860503;0.877569026;2.050107185;3
560;0;0;0;1;0;0;0;0;0;0;0;1;1;1;4;1;4;4;4;5;5;0;0;100;0;1;3;3;3;1;2;-1.645833347;0.035751332;3.645327157;-1.791738324;-1.247323147;-0.666238477;1
561;0;0;0;1;0;0;0;0;0;1;0;4;5;5;5;5;1;2;2;3;6;50;30;20;0;1;3;2;4;7;3;0.536208436;-1.357284518;0.724715554;2.113103581;1.947243998;1.159620668;3
562;1;0;0;1;0;1;1;0;0;1;0;5;3;2;4;5;6;7;6;6;6;10;30;20;40;1;3;1;4;3;5;0.231051485;1.398406761;-0.451209428;-0.999493304;1.879795697;0.574969353;1
563;0;1;0;1;0;0;1;0;0;1;0;5;6;5;5;6;3;3;3;3;3;20;0;50;30;1;3;3;3;1;4;1.046873415;-0.937274433;0.968740627;-0.297285152;-1.20758824;-0.666238477;2
564;0;0;0;1;1;0;0;0;0;1;0;7;6;2;2;4;5;5;4;5;5;50;10;20;20;1;2;3;4;2;4;0.575768142;0.344274332;0.169541818;2.037738093;-0.119849041;-0.475245468;1
565;1;0;0;1;1;1;1;0;0;1;0;5;6;5;4;5;5;5;5;6;5;30;20;10;40;2;3;1;4;2;6;0.756569017;0.693361962;-0.793743609;0.506753341;0.881175479;0.349603505;4
566;1;0;0;1;0;0;1;0;0;0;0;4;4;2;5;5;5;5;5;4;4;20;10;40;30;2;8;2;3;7;3;0.237989302;0.260743029;0.59341769;-0.271971462;-0.172839569;1.958892757;3
567;1;0;0;1;1;0;1;1;0;1;0;4;5;2;5;5;6;5;5;6;5;20;10;20;50;2;2;3;2;2;6;0.351638501;0.837246997;-0.712401918;-0.29670957;-0.170435267;-0.788949413;4
568;0;1;0;1;1;0;1;1;0;1;0;2;6;3;3;2;5;5;5;5;5;30;10;40;20;1;3;3;3;3;6;-0.638175639;0.510087719;0.887398936;0.506177759;-0.155977494;-0.215506779;2
570;0;0;0;1;1;0;1;0;0;1;0;5;5;2;5;5;4;5;3;4;4;25;10;40;25;1;3;4;4;1;5;0.539000576;-0.214768777;0.740408313;0.117103148;-0.164408532;-0.826198584;1
571;0;0;1;1;1;0;1;0;0;1;0;5;5;2;5;5;4;4;4;4;4;15;5;40;40;2;2;3;2;1;6;0.539000576;-0.213593357;0.307633633;-0.679887445;-0.698043867;-1.014315261;4
572;0;0;0;1;1;1;1;0;0;1;0;3;2;1;3;2;5;4;3;4;4;15;15;25;45;1;3;1;4;5;6;-1.028456985;-0.235521709;-0.394144205;-0.660758282;0.33730588;1.025701051;3
573;1;0;0;1;1;0;0;1;0;1;0;4;4;4;5;4;5;5;5;5;5;5;5;10;80;2;3;1;4;7;5;0.151382219;0.510087719;-1.945077025;-1.495143828;-0.711299488;1.476432748;3
574;0;0;0;0;0;1;1;0;0;0;0;2;2;2;6;2;4;5;4;4;5;20;40;20;20;1;8;1;4;7;3;-0.912343671;0.017115054;0.120358685;-0.183661339;2.930204292;2.43255681;3
575;0;0;0;1;1;0;1;0;0;0;0;1;1;7;4;1;2;4;2;2;2;25;25;20;30;1;8;1;4;7;4;-1.276693478;-1.331679577;-0.149030994;0.148889156;1.38831555;2.43255681;3
576;0;0;0;1;1;1;1;0;0;1;0;2;5;1;5;3;1;4;1;3;1;30;10;30;30;1;4;1;4;7;6;-0.503916371;-1.524174199;0.234489131;0.493808705;-0.154775343;1.66765756;3
577;1;0;1;0;0;0;0;0;0;0;0;4;6;2;5;6;3;3;2;2;4;50;0;50;0;2;2;3;2;7;2;0.674941406;-1.220291618;1.850684363;2.037162511;-1.157002014;0.33787983;4
578;0;0;0;1;1;1;1;0;0;1;0;4;3;2;4;5;4;4;4;4;3;0;0;40;60;2;2;3;2;1;6;0.04368941;-0.279663803;-0.272131669;-1.865952648;-1.240110239;-1.014315261;4
579;1;0;1;1;1;0;1;1;1;1;0;6;6;6;6;6;6;6;6;6;6;30;10;20;40;2;2;3;2;2;8;1.376409494;1.233768795;-0.418420673;0.481439651;-0.153573191;-0.788949413;4
580;1;0;0;0;1;0;0;0;0;0;0;3;3;3;3;5;6;6;6;6;2;8;2;10;80;2;3;1;4;7;2;-0.162800046;0.969487013;-1.940158712;-1.273003884;-1.016304821;1.476432748;3
581;1;1;0;1;0;0;0;0;0;0;0;4;7;3;5;5;4;4;4;4;4;15;15;55;15;2;3;3;4;4;2;0.640460211;-0.213593357;1.564585208;-0.62365112;0.333699426;0.166711042;2
582;1;1;1;1;0;1;1;0;0;0;0;2;2;1;4;2;2;3;5;5;4;20;0;40;40;2;3;3;3;2;5;-1.135168367;-0.316913762;0.315830822;-0.309654206;-1.206386089;-0.440872628;2
583;1;1;0;0;1;1;1;0;0;1;0;2;2;2;2;5;3;5;5;4;4;10;5;5;80;2;2;3;1;2;5;-0.605985324;-0.027027039;-2.124541305;-1.112253744;-0.702267375;-0.945801385;2
584;0;0;0;0;0;1;1;0;0;0;0;1;1;1;4;1;1;2;3;1;3;0;0;80;20;2;3;2;4;2;3;-1.645833347;-1.756230956;2.339507548;-1.816476432;-1.244918845;0.032791425;4
585;1;0;0;0;0;0;0;1;0;0;0;5;5;4;6;4;6;4;5;5;4;10;10;20;60;2;2;4;3;1;2;0.533044186;0.423264341;-1.006383164;-1.074858791;-0.187297342;-1.174275369;4
586;1;0;1;1;1;0;0;1;0;0;0;5;5;4;6;6;2;5;5;4;1;10;5;20;65;2;3;3;3;1;5;0.952351597;-0.36912341;-1.145176598;-1.093700163;-0.704070602;-0.666238477;4
587;1;0;0;1;1;1;0;0;0;0;0;6;6;5;6;6;5;6;6;3;5;15;15;20;50;2;8;1;4;7;4;1.314886183;0.473990584;-0.720599107;-0.666942809;0.337906955;2.43255681;3
588;1;1;0;1;1;1;1;1;1;1;0;6;6;6;4;6;5;5;5;5;4;30;10;30;30;2;4;3;4;3;8;1.215108109;0.444017273;0.234489131;0.493808705;-0.154775343;0.132570005;2
589;1;0;0;1;0;0;0;1;0;0;0;2;2;1;4;2;7;7;7;7;7;15;20;32;33;1;2;1;3;4;3;-1.135168367;1.957449871;0.201686092;-0.633258572;0.853237634;0.452258417;1
590;0;0;0;1;0;0;1;0;0;0;0;4;3;2;4;4;4;4;5;4;4;20;10;35;35;1;4;2;4;2;3;-0.165964296;-0.047779971;0.266962788;-0.278155989;-0.172238494;0.224016237;1
591;1;0;1;1;1;1;0;0;1;1;0;5;7;4;7;7;6;5;2;6;6;25;5;20;50;2;2;3;2;1;7;1.469954394;0.405877283;-0.70420473;0.073523668;-0.678777489;-1.014315261;4
592;0;0;0;1;1;0;1;0;0;1;0;5;6;3;6;6;4;4;4;5;5;20;5;30;45;1;2;3;2;1;5;1.004477485;0.035751332;-0.198285548;-0.303181888;-0.688410678;-1.014315261;1
593;1;0;0;1;1;0;0;0;0;0;0;2;2;6;2;6;5;5;6;4;5;40;10;40;10;2;3;1;4;5;3;-0.150238373;0.492626861;1.181380181;1.28432698;-0.139115419;1.025701051;3
